_Date,_Mean-Oil-Stocks
2012-07-02,0.002427888539560788
2012-07-03,0.020045883857326936
2012-07-05,-0.010548040355637639
2012-07-06,-0.008924234670806155
2012-07-09,-0.003982965059331438
2012-07-10,-0.015091157189446957
2012-07-11,0.0075407883630221285
2012-07-12,-0.00023833077474594289
2012-07-13,0.019866386316620025
2012-07-16,0.005236156285469871
2012-07-17,0.010164456579488853
2012-07-18,0.008511583253968044
2012-07-19,-0.00009335120968348894
2012-07-20,0.0007942441554034766
2012-07-23,-0.010449979457253159
2012-07-24,-0.01476070625588439
2012-07-25,-0.004663946823577611
2012-07-26,0.018662670466231487
2012-07-27,0.020959149525433495
2012-07-30,0.0075777960640265275
2012-07-31,-0.0022955189487561395
2012-08-01,0.0030892026068291604
2012-08-02,-0.017995462771587298
2012-08-03,0.021379131731940598
2012-08-06,0.0077185830844186815
2012-08-07,0.014273240193960432
2012-08-08,-0.0024596522675202717
2012-08-09,0.004691212684867875
2012-08-10,-0.0007206394373869598
2012-08-13,-0.006381315772162698
2012-08-14,0.004932563172947144
2012-08-15,0.0012053990600963266
2012-08-16,0.011535968203275024
2012-08-17,0.0005302320619735892
2012-08-20,-0.00005159722453738913
2012-08-21,-0.004080473096116828
2012-08-22,0.003275959567558708
2012-08-23,-0.01363046134831522
2012-08-24,0.005765824694545424
2012-08-27,0.004244204369111905
2012-08-28,0.003640898798891082
2012-08-29,-0.004909262341562841
2012-08-30,-0.0067750103526010436
2012-08-31,0.008962737382738431
2012-09-04,-0.0011562366907966193
2012-09-05,-0.004860016415775968
2012-09-06,0.019823123617780308
2012-09-07,0.01802881617784681
2012-09-10,-0.0002493763364255358
2012-09-11,0.012202780857806114
2012-09-12,0.005144736321869491
2012-09-13,0.014798904486519401
2012-09-14,0.013195517364757575
2012-09-17,-0.011587780308949256
2012-09-18,-0.009519578951621588
2012-09-19,-0.0007229586647658862
2012-09-20,0.0007195344662218698
2012-09-21,0.002904623055644137
2012-09-24,-0.00577554001260389
2012-09-25,-0.010893340717283683
2012-09-26,-0.006525720818158364
2012-09-27,0.015780933298973083
2012-09-28,-0.0018892757396715097
2012-10-01,0.007693538459525089
2012-10-02,-0.0010538553833345278
2012-10-03,-0.009289449036248357
2012-10-04,0.008365349268215819
2012-10-05,-0.0025876086938882346
2012-10-08,0.0006840296274052369
2012-10-09,0.001107625374199811
2012-10-10,-0.015276536378350946
2012-10-11,0.0026855041429377133
2012-10-12,-0.006997340848242407
2012-10-15,0.0020258502538697217
2012-10-16,0.02029979763398555
2012-10-17,0.00842264543556486
2012-10-18,-0.004118931212033046
2012-10-19,-0.015066544083709174
2012-10-22,-0.006372330539710609
2012-10-23,-0.013517761481358475
2012-10-24,-0.003467638463638604
2012-10-25,0.011551070674035801
2012-10-26,0.007453836444273378
2012-10-31,0.001105302108942487
2012-11-01,0.0019555128327054297
2012-11-02,-0.012415731299261318
2012-11-05,0.00615747772686967
2012-11-06,0.018537713132892653
2012-11-07,-0.02312581413807588
2012-11-08,-0.015294524261069134
2012-11-09,-0.008368695523719586
2012-11-12,-0.006766522530171001
2012-11-13,-0.00008648606719189693
2012-11-14,-0.011589461443951976
2012-11-15,-0.00129732044101398
2012-11-16,0.014261033194070604
2012-11-19,0.024561700989043738
2012-11-20,-0.0005703145143745638
2012-11-21,0.00641377340017583
2012-11-23,0.012108143059191842
2012-11-26,-0.01043542077250667
2012-11-27,-0.0029436046707415433
2012-11-28,0.010668912845175627
2012-11-29,0.0028654785909705597
2012-11-30,0.00105974086562928
2012-12-03,-0.003979284303030554
2012-12-04,-0.00553559554253807
2012-12-05,0.0038455819780561923
2012-12-06,0.004465436457143086
2012-12-07,0.002832121100715221
2012-12-10,0.0010631895390214169
2012-12-11,0.004736697205102063
2012-12-12,0.0017172379339834055
2012-12-13,-0.008886291844360864
2012-12-14,0.0022757772577622994
2012-12-17,0.009840045940079057
2012-12-18,0.01588605977923614
2012-12-19,-0.0019151913139281486
2012-12-20,0.010124918650023624
2012-12-21,-0.0036327550289672003
2012-12-24,-0.009597153114134602
2012-12-26,-0.0067944551495560945
2012-12-27,-0.001980232508439312
2012-12-28,-0.012964957890115475
2012-12-31,0.023119333691850263
2013-01-02,0.02385236551132823
2013-01-03,-0.001821608179314015
2013-01-04,0.011641454379773144
2013-01-07,-0.005789779110227077
2013-01-08,-0.00017677688127891444
2013-01-09,-0.0015199504052746994
2013-01-10,0.007698961076205629
2013-01-11,-0.0015970291244728763
2013-01-14,0.0016019588012343988
2013-01-15,0.005941529305824186
2013-01-16,0.004170259751850512
2013-01-17,0.007182754167025421
2013-01-18,0.0048924009158660174
2013-01-22,0.008776170679967549
2013-01-23,-0.001644068288401491
2013-01-24,0.0038174254829796465
2013-01-25,0.007515710941909633
2013-01-28,-1.1737643512282903e-6
2013-01-29,0.019309483332263278
2013-01-30,0.0006852057394833577
2013-01-31,-0.002818845366426343
2013-02-01,0.008764041794574823
2013-02-04,-0.00677537895229334
2013-02-05,0.013221990737736495
2013-02-06,0.0026674693830097316
2013-02-07,-0.0005239235158544658
2013-02-08,0.010004815855318325
2013-02-11,-0.002836551744159907
2013-02-12,-0.0015115848388297705
2013-02-13,0.003431722292521274
2013-02-14,-0.0021216927667505
2013-02-15,-0.013366459011410295
2013-02-19,0.01426216700061616
2013-02-20,-0.0266775152927799
2013-02-21,-0.006258240843566336
2013-02-22,0.016519678485926528
2013-02-25,-0.024346422847880408
2013-02-26,0.006305625581836403
2013-02-27,0.019166288536590016
2013-02-28,0.0006913496782934107
2013-03-01,0.0041135696645554914
2013-03-04,0.004524046485755505
2013-03-05,0.005522376273512042
2013-03-06,0.00358244978036705
2013-03-07,0.01080618297792465
2013-03-08,0.004598129595430776
2013-03-11,-0.0003472142112766058
2013-03-12,0.0009762706577251534
2013-03-13,-0.007463707752692288
2013-03-14,0.016350108698606924
2013-03-15,-0.0013536382073610677
2013-03-18,-0.0006836261541890662
2013-03-19,-0.006676409122969694
2013-03-20,0.010440508195749681
2013-03-21,-0.004058053550556218
2013-03-22,0.00617640948302869
2013-03-25,-0.003707638816018252
2013-03-26,0.009872163801633577
2013-03-27,0.0024162287849062206
2013-03-28,0.005759214826274996
2013-04-01,-0.0005894306012993225
2013-04-02,-0.011146435843446822
2013-04-03,-0.026595813621756104
2013-04-04,0.0002877516964984589
2013-04-05,0.005979440367369073
2013-04-08,0.014348622932190991
2013-04-09,0.008535323293073119
2013-04-10,0.003628823346795688
2013-04-11,-0.004823854180524649
2013-04-12,-0.011328207085902944
2013-04-15,-0.03977840065171562
2013-04-16,0.018975379215069917
2013-04-17,-0.01774600182116506
2013-04-18,0.00822030739326092
2013-04-19,0.0033450270214815023
2013-04-22,0.009965342562478344
2013-04-23,0.009361930787838785
2013-04-24,0.011921513843401885
2013-04-25,0.0013810000885555174
2013-04-26,-0.005718641695749108
2013-04-29,0.012868608277967772
2013-04-30,-0.004527019894264281
2013-05-01,-0.0214864583049494
2013-05-02,0.013305684662882988
2013-05-03,0.01727694693915131
2013-05-06,0.009982044648663072
2013-05-07,0.006013086714682171
2013-05-08,-0.001039156048564337
2013-05-09,0.001934546065725573
2013-05-10,0.00011528090874717938
2013-05-13,-0.004104342038048219
2013-05-14,0.013197412305483408
2013-05-15,0.0013099218361136377
2013-05-16,-0.008125548598179794
2013-05-17,0.019581565312005878
2013-05-20,0.01573139773178893
2013-05-21,-0.003122838322678933
2013-05-22,-0.011961940971625706
2013-05-23,-0.0024600418372267285
2013-05-24,-0.005013070482529261
2013-05-28,0.009521401301068919
2013-05-29,-0.004224070060876227
2013-05-30,-0.004412772258283848
2013-05-31,-0.01776964463921467
2013-06-03,0.005400071263890712
2013-06-04,-0.008726162732209719
2013-06-05,-0.012827608435140683
2013-06-06,0.01137013433466893
2013-06-07,0.011887157935264561
2013-06-10,-0.004890004520293946
2013-06-11,-0.014864625805257325
2013-06-12,-0.007948887103569289
2013-06-13,0.013533839567650285
2013-06-14,-0.008386954614233921
2013-06-17,0.00925900027018899
2013-06-18,0.005632440118102003
2013-06-19,-0.009480953308695242
2013-06-20,-0.03685896113688525
2013-06-21,-0.002644650641065278
2013-06-24,-0.013964375076065016
2013-06-25,0.016962153050052036
2013-06-26,0.011059294186910151
2013-06-27,-0.0006923175046101895
2013-06-28,-0.0006915465508031682
2013-07-01,0.004417081302519513
2013-07-02,-0.00233248213345133
2013-07-03,0.00023488846038872968
2013-07-05,0.005998357390048892
2013-07-08,0.010331243007132299
2013-07-09,0.008912178970141885
2013-07-10,-0.005629876323056397
2013-07-11,0.015000182419793682
2013-07-12,0.004743933956886238
2013-07-15,-0.0015855334275401884
2013-07-16,-0.009251184188080496
2013-07-17,0.002392231312173171
2013-07-18,0.004552712607396735
2013-07-19,0.007368581083365064
2013-07-22,0.002663424223941835
2013-07-23,0.0015082658817446627
2013-07-24,-0.014861990194933547
2013-07-25,0.023277240773759086
2013-07-26,-0.0018250781577090758
2013-07-29,-0.005341237551010888
2013-07-30,-0.0032151718015980546
2013-07-31,0.00826750005221672
2013-08-01,0.014423350519617253
2013-08-02,-0.007857922151126498
2013-08-05,0.00003850217535317687
2013-08-06,-0.00002305112224874432
2013-08-07,-0.006464254312732102
2013-08-08,0.007698463165404933
2013-08-09,-0.004559427450004182
2013-08-12,-0.006883515692529586
2013-08-13,-0.0012191043122637042
2013-08-14,-0.003479458021711554
2013-08-15,-0.006792856716455108
2013-08-16,-0.005522336105137637
2013-08-19,-0.013572345492367938
2013-08-20,0.013116387104754166
2013-08-21,-0.004774937200236519
2013-08-22,0.01800079991936926
2013-08-23,0.006718527687505106
2013-08-26,-0.0016785098601863474
2013-08-27,-0.006893650762433516
2013-08-28,0.009992569055914913
2013-08-29,-0.0018283006463125546
2013-08-30,-0.002371865775372605
2013-09-03,0.00531404214464735
2013-09-04,0.0008811196811723451
2013-09-05,-0.000402856389780983
2013-09-06,0.0017432069524940714
2013-09-09,0.009264075530633936
2013-09-10,0.0023473664477538284
2013-09-11,0.002216390011562879
2013-09-12,-0.003486383635509155
2013-09-13,-0.0009483864719172647
2013-09-16,-0.0048428544629476045
2013-09-17,0.0046680367319651556
2013-09-18,0.016905994840220873
2013-09-19,0.0038296626403467177
2013-09-20,-0.007081648850457044
2013-09-23,-0.0038344047100310427
2013-09-24,0.002141800922643128
2013-09-25,0.0018858203330969169
2013-09-26,0.005106489304875603
2013-09-27,-0.0012804850609858393
2013-09-30,-0.005029085592583707
2013-10-01,0.009863299534793937
2013-10-02,-0.002110266259625612
2013-10-03,-0.004512106787074634
2013-10-04,0.0051481669936531554
2013-10-07,-0.009850413117397178
2013-10-08,-0.011993739628671044
2013-10-09,-0.0011250405195647416
2013-10-10,0.023583321351090397
2013-10-11,0.013521296889242604
2013-10-14,0.0030226987833936367
2013-10-15,-0.0029034196163154106
2013-10-16,0.01656716099387095
2013-10-17,0.00673934525518341
2013-10-18,0.008469853034707944
2013-10-21,0.002884107568046334
2013-10-22,0.007283995449807022
2013-10-23,-0.011413031270202115
2013-10-24,0.004402742923666561
2013-10-25,0.006277029577662861
2013-10-28,-0.0026449575813420425
2013-10-29,0.005998227948768013
2013-10-30,-0.004997980535469418
2013-10-31,-0.0070014854577682695
2013-11-01,-0.004129772820922144
2013-11-04,0.012177743524635859
2013-11-05,-0.007957633374505668
2013-11-06,-0.005950507574713604
2013-11-07,-0.01653321248425596
2013-11-08,0.016255354144796685
2013-11-11,0.0036026844791682646
2013-11-12,-0.004538209026919621
2013-11-13,0.005858325585238147
2013-11-14,0.012340885652124317
2013-11-15,0.005585145639045029
2013-11-18,-0.008537171281739128
2013-11-19,-0.0010431121030035767
2013-11-20,0.0020568040172487625
2013-11-21,0.011542745883884667
2013-11-22,0.007686609483103059
2013-11-25,-0.001743089785066737
2013-11-26,-0.00013298065457135558
2013-11-27,-0.0014473328867916264
2013-11-29,-0.004275405888145904
2013-12-02,0.006556139990521644
2013-12-03,-0.0009579372409886285
2013-12-04,-0.008901558308094457
2013-12-05,0.001083488745184602
2013-12-06,0.0014017372049472722
2013-12-09,-0.0011774358863662394
2013-12-10,0.0009260267744888815
2013-12-11,-0.014694255690278185
2013-12-12,0.0024141336558276363
2013-12-13,-0.0008553549355020442
2013-12-16,0.006799176137541617
2013-12-17,-0.001309993984868298
2013-12-18,0.01000348508665204
2013-12-19,0.007184368268256788
2013-12-20,0.01071652037036438
2013-12-23,0.006255503365703001
2013-12-24,0.0042225920802437394
2013-12-26,0.0036928097407785826
2013-12-27,0.0024131863938515
2013-12-30,-0.003341763567655087
2013-12-31,0.007410844983502432
2014-01-02,-0.012626556897598765
2014-01-03,-0.005495468400130668
2014-01-06,0.002358351923807308
2014-01-07,0.010899372920450479
2014-01-08,0.0005799216500463009
2014-01-09,-0.00031047923330468813
2014-01-10,-0.000045662532333739146
2014-01-13,-0.018468385690702818
2014-01-14,0.012440255542187445
2014-01-15,-0.002321830237566718
2014-01-16,0.00435602276951524
2014-01-17,-0.005812045557380324
2014-01-21,0.011161689190711444
2014-01-22,0.005478647508391915
2014-01-23,-0.003824125501321408
2014-01-24,-0.017375460544506838
2014-01-27,-0.008754762793115498
2014-01-28,0.012873513614546186
2014-01-29,-0.0043660399497777265
2014-01-30,0.0014861744124641345
2014-01-31,-0.002072512548855122
2014-02-03,-0.020903064876652572
2014-02-04,0.01048300603409017
2014-02-05,-0.009352315153370289
2014-02-06,0.012992574931211842
2014-02-07,0.011489862558284056
2014-02-10,-0.006719050766627825
2014-02-11,0.015688938272014636
2014-02-12,0.0014849369464986172
2014-02-13,0.011724578120268878
2014-02-14,0.008260164031850181
2014-02-18,0.008197585401089618
2014-02-19,-0.0032466658847746612
2014-02-20,0.0021525149816469615
2014-02-21,-0.004493589555732712
2014-02-24,0.011194887195431222
2014-02-25,0.0010160101074505278
2014-02-26,-0.006420352563223888
2014-02-27,-0.00655415603770861
2014-02-28,-0.000390955274331084
2014-03-03,-0.00006159254326340569
2014-03-04,0.01329061907471743
2014-03-05,-0.0006830183483592748
2014-03-06,0.007463904594768034
2014-03-07,-0.0008166103724975282
2014-03-10,-0.0010340405347335814
2014-03-11,-0.00818163304688344
2014-03-12,0.003450669783542512
2014-03-13,-0.00530074876013964
2014-03-14,0.008906021926676755
2014-03-17,0.002931539206152587
2014-03-18,0.006485491681890433
2014-03-19,-0.007992886340920555
2014-03-20,0.0034002503649290436
2014-03-21,-0.0011147141051575798
2014-03-24,-0.005683461018825026
2014-03-25,0.005758048942104031
2014-03-26,-0.005186531083205076
2014-03-27,0.004295886114730307
2014-03-28,0.008928725773039834
2014-03-31,0.0013779678421644754
2014-04-01,0.014473859044612647
2014-04-02,0.0017986917523159368
2014-04-03,0.004156019441753561
2014-04-04,-0.007572317826419844
2014-04-07,-0.017629053035574226
2014-04-08,0.01244407073253113
2014-04-09,0.010836750660234462
2014-04-10,-0.01510847699525763
2014-04-11,-0.002589381714801863
2014-04-14,0.009426913284674437
2014-04-15,0.011045240836045083
2014-04-16,0.015485135494088462
2014-04-17,0.008536765808711539
2014-04-21,0.0064210338264181115
2014-04-22,0.0009468189212008907
2014-04-23,0.0028656199387833564
2014-04-24,0.002636785597319183
2014-04-25,-0.00987820207994057
2014-04-28,0.006647681889057335
2014-04-29,0.007586616942969401
2014-04-30,-0.0025011123211450687
2014-05-01,0.0009995092216036293
2014-05-02,0.0003420487804250416
2014-05-05,0.004486937259088534
2014-05-06,0.0007796129446834832
2014-05-07,0.01024127241426744
2014-05-08,-0.017836425626608494
2014-05-09,-0.009172699761740824
2014-05-12,0.0073575293989964485
2014-05-13,0.00786186291159093
2014-05-14,0.0015960762535941937
2014-05-15,-0.006662405259981098
2014-05-16,0.0003216260968146543
2014-05-19,0.001328377370619846
2014-05-20,-0.0015067669792161915
2014-05-21,0.00882241713311994
2014-05-22,0.005420084995135077
2014-05-23,-0.0009459702406257922
2014-05-27,0.00021446682284337326
2014-05-28,0.006528462400577366
2014-05-29,0.009478011396946174
2014-05-30,0.003599304307264369
2014-06-02,0.0005845903849564608
2014-06-03,0.000714827760951095
2014-06-04,-0.0008225289705080518
2014-06-05,0.006511620823091202
2014-06-06,0.0036547958830364705
2014-06-09,-0.000025605712922709595
2014-06-10,-0.004512717193870243
2014-06-11,0.0018386472131647763
2014-06-12,0.005417269915873675
2014-06-13,0.0073934033107939294
2014-06-16,0.013587257210190268
2014-06-17,0.0019389275979941334
2014-06-18,0.006489337356253312
2014-06-19,0.016653991298311938
2014-06-20,0.0023155974778087903
2014-06-23,0.004984169647379248
2014-06-24,-0.021894082646471733
2014-06-25,-0.0011086854030904758
2014-06-26,0.0019284910494541025
2014-06-27,-0.0031206976695765617
2014-06-30,0.0007864434937041124
2014-07-01,0.0032036578011156633
2014-07-02,-0.001038342764324185
2014-07-03,0.0003245256866205905
2014-07-07,-0.01083626906371482
2014-07-08,-0.0033055974699002927
2014-07-09,0.008102070183795454
2014-07-10,-0.007062750532184424
2014-07-11,-0.0033876425968375943
2014-07-14,0.00624257657173546
2014-07-15,-0.007007773126168622
2014-07-16,0.01157905332551773
2014-07-17,-0.01523129426443016
2014-07-18,0.00910343165242706
2014-07-21,-0.0028880790824803576
2014-07-22,0.008006471556438716
2014-07-23,0.007023592926103037
2014-07-24,0.004487935919144245
2014-07-25,-0.007355146383268146
2014-07-28,-0.004868694911547469
2014-07-29,0.0006979314756998487
2014-07-30,-0.006969863294707677
2014-07-31,-0.013769684165993237
2014-08-01,-0.01064653511606039
2014-08-04,0.02147419268344308
2014-08-05,-0.01692638765451683
2014-08-06,0.004246700487778657
2014-08-07,-0.00522909429299855
2014-08-08,0.016174155749468937
2014-08-11,0.005627003194030362
2014-08-12,-0.007388300493541176
2014-08-13,0.0036331690342848583
2014-08-14,0.0017053881266025223
2014-08-15,0.009643664576274335
2014-08-18,0.0033802855942206785
2014-08-19,0.009057795067513719
2014-08-20,0.003586047767446615
2014-08-21,-0.00007132858871317556
2014-08-22,-0.0038389510739777984
2014-08-25,0.010505548974236834
2014-08-26,0.001980779124444313
2014-08-27,0.0017346494065236067
2014-08-28,0.0028802348394594696
2014-08-29,0.006939120440080572
2014-09-02,-0.008254881185930601
2014-09-03,0.004370466728247975
2014-09-04,-0.01266932623605227
2014-09-05,0.007832183721397193
2014-09-08,-0.01007714296641013
2014-09-09,-0.0027221448215664127
2014-09-10,-0.002866127638958211
2014-09-11,-0.00215911626321684
2014-09-12,-0.01683863550088341
2014-09-15,0.004218627543104291
2014-09-16,0.01326846546821193
2014-09-17,-0.0026978253852972117
2014-09-18,-0.005468444042082618
2014-09-19,-0.00028343150542864404
2014-09-22,-0.01889761835265885
2014-09-23,-0.006131767824953019
2014-09-24,0.005222284972180566
2014-09-25,-0.014740408259256302
2014-09-26,0.012015972396690435
2014-09-29,0.0037756268835284074
2014-09-30,-0.012648912811413157
2014-10-01,-0.01771361274194082
2014-10-02,-0.0046010194957442395
2014-10-03,-0.0043452487098685445
2014-10-06,-0.005248982833871508
2014-10-07,-0.01529722244675349
2014-10-08,0.008477564630852544
2014-10-09,-0.045223383445232856
2014-10-10,-0.016776947048890215
2014-10-13,-0.04628162426819359
2014-10-14,-0.014393752056495054
2014-10-15,0.022477746884204435
2014-10-16,0.032921368831935825
2014-10-17,0.004346189959436077
2014-10-20,0.01000630833757149
2014-10-21,0.031660976514683324
2014-10-22,-0.02427244252571697
2014-10-23,0.018004366497076204
2014-10-24,-0.00019794333915286919
2014-10-27,-0.01863346117543919
2014-10-28,0.02586243811339625
2014-10-29,0.002910860130977813
2014-10-30,-0.006040804393034514
2014-10-31,0.018942340670386148
2014-11-03,-0.011162176680379854
2014-11-04,-0.025886836975626906
2014-11-05,0.01694776554637591
2014-11-06,0.008293682495799598
2014-11-07,0.01706835900429988
2014-11-10,-0.01311905824595789
2014-11-11,0.005631323222569595
2014-11-12,-0.005490236776471901
2014-11-13,-0.0206721740007042
2014-11-14,0.01323293783360197
2014-11-17,-0.0030759215994006265
2014-11-18,0.0056385348627786365
2014-11-19,0.005761642378895991
2014-11-20,0.014617576238952856
2014-11-21,0.00869238131596714
2014-11-24,-0.006006478720390447
2014-11-25,-0.010350801483157488
2014-11-26,-0.006759436498161399
2014-11-28,-0.07437708430040925
2014-12-01,-0.010802007722197207
2014-12-02,0.005174368912223763
2014-12-03,0.012662327657916842
2014-12-04,-0.015547862027325119
2014-12-05,-0.02045224422900854
2014-12-08,-0.055507250508770985
2014-12-09,0.01422658425914503
2014-12-10,-0.037277739787671814
2014-12-11,-0.001432325509169427
2014-12-12,-0.014615112323106985
2014-12-15,-0.019005764896577362
2014-12-16,0.012649091472011612
2014-12-17,0.05928650709945752
2014-12-18,0.018488364512446866
2014-12-19,0.024093992928769653
2014-12-22,-0.008001362921785044
2014-12-23,0.015114320588038724
2014-12-24,-0.005995214297815271
2014-12-26,0.0015794073434719318
2014-12-29,0.0038052524664435178
2014-12-30,-0.00640920446706988
2014-12-31,-0.006341579452328767
2015-01-02,0.011290468316609745
2015-01-05,-0.04764690428110413
2015-01-06,-0.022553201719427502
2015-01-07,0.0005026729860782795
2015-01-08,0.028303470381978335
2015-01-09,-0.004862017717675526
2015-01-12,-0.03463470063507106
2015-01-13,-0.011590941774874602
2015-01-14,0.0066641443487252955
2015-01-15,-0.008736104217856528
2015-01-16,0.033945439187383415
2015-01-20,-0.003660802803887961
2015-01-21,0.023361366641356074
2015-01-22,0.003523446059071738
2015-01-23,0.0030378920167904674
2015-01-26,0.016984075070670988
2015-01-27,0.005877714723388203
2015-01-28,-0.0369918567765914
2015-01-29,0.0019701682114241503
2015-01-30,0.015326802180462484
2015-02-02,0.033765879999297095
2015-02-03,0.02931863411785618
2015-02-04,-0.016358441863398878
2015-02-05,0.017133860032917125
2015-02-06,0.0037023796460789967
2015-02-09,-0.0005748896458202349
2015-02-10,0.0011078333640971716
2015-02-11,-0.00794718608315779
2015-02-12,0.014580700742570873
2015-02-13,0.01801672975926096
2015-02-17,0.006573718008096294
2015-02-18,-0.014610489376474101
2015-02-19,-0.00021336563464465405
2015-02-20,-0.000041436505431512637
2015-02-23,-0.0032993596125400113
2015-02-24,0.002856103203608712
2015-02-25,0.014252032598474093
2015-02-26,-0.018360157813917494
2015-02-27,-0.0008232059926146276
2015-03-02,-0.017208820104854805
2015-03-03,0.009442802082361548
2015-03-04,-0.006328958699036644
2015-03-05,-0.004529565913422522
2015-03-06,-0.0175549615136085
2015-03-09,-0.008699336838291142
2015-03-10,-0.014880463692830878
2015-03-11,0.0038645172522614735
2015-03-12,-0.00668204613781503
2015-03-13,-0.007068945768976547
2015-03-16,0.009120751936792912
2015-03-17,-0.0012515482545912837
2015-03-18,0.0359502971610573
2015-03-19,-0.01746227156309105
2015-03-20,0.009708130818296648
2015-03-23,-0.0007328326247312325
2015-03-24,-0.006595120124465961
2015-03-25,0.009309074734586064
2015-03-26,0.004791163742783697
2015-03-27,-0.008849611689177894
2015-03-30,0.02100279117961607
2015-03-31,-0.0051896385720729965
2015-04-01,0.0033718735953584683
2015-04-02,0.001012241911924371
2015-04-06,0.018026783165699934
2015-04-07,0.0017139552763489145
2015-04-08,-0.010175919086102722
2015-04-09,0.014362116942056977
2015-04-10,0.006424291044783786
2015-04-13,-0.0136439443879428
2015-04-14,0.02020565072211666
2015-04-15,0.021720159794060685
2015-04-16,-0.0012008756042184432
2015-04-17,-0.01158798617109858
2015-04-20,0.0048330011832794645
2015-04-21,-0.010771737771872555
2015-04-22,0.007339190536994338
2015-04-23,0.006721222024960912
2015-04-24,-0.0022098988479334384
2015-04-27,-0.005301251925194382
2015-04-28,0.004682552552261937
2015-04-29,0.01128776461361849
2015-04-30,-0.004553513255113634
2015-05-01,0.005391532471486507
2015-05-04,-0.005415429667960252
2015-05-05,-0.0109043133478293
2015-05-06,-0.007688908584835827
2015-05-07,-0.00612209134176792
2015-05-08,0.014783576266223905
2015-05-11,-0.01710461930559329
2015-05-12,0.0034491422603208505
2015-05-13,-0.0024424556120718707
2015-05-14,0.0031369140850382774
2015-05-15,0.004259976246494
2015-05-18,0.0022864015701908
2015-05-19,-0.013452784942027535
2015-05-20,-0.00027132698910456443
2015-05-21,0.007009928121445509
2015-05-22,-0.003767026505378352
2015-05-26,-0.016040466750613536
2015-05-27,-0.002328757729978153
2015-05-28,-0.00843591250300213
2015-05-29,-0.0010837895309479585
2015-06-01,-0.0049272927308681574
2015-06-02,0.005562530150815301
2015-06-03,-0.011473390799155705
2015-06-04,-0.0164490053602183
2015-06-05,0.010539094162734916
2015-06-08,-0.009339541191231463
2015-06-09,0.001003176448739651
2015-06-10,0.012923203032025187
2015-06-11,-0.0022642901098655402
2015-06-12,-0.009748890117829123
2015-06-15,0.0034408775138359917
2015-06-16,0.0056090539510676675
2015-06-17,-0.001711101619936405
2015-06-18,-0.0006495952940206903
2015-06-19,-0.01090933918330561
2015-06-22,0.01713324531566611
2015-06-23,0.00729769398116482
2015-06-24,-0.007732036721519106
2015-06-25,-0.015129514272759251
2015-06-26,0.0029898709676983576
2015-06-29,-0.01974394190966704
2015-06-30,0.010230002210692207
2015-07-01,-0.016442602543227366
2015-07-02,0.00606095133191023
2015-07-06,-0.019410338898467463
2015-07-07,0.013071363943610997
2015-07-08,-0.027549540433463346
2015-07-09,0.007563981470302332
2015-07-10,0.0018750740442361376
2015-07-13,0.01057988084853105
2015-07-14,0.012082849671325432
2015-07-15,-0.022116925369419824
2015-07-16,-0.0028059934937624312
2015-07-17,-0.015059991844725035
2015-07-20,-0.025287353517200736
2015-07-21,-0.0024755337800983213
2015-07-22,-0.015169057241317984
2015-07-23,-0.0004907240868772996
2015-07-24,-0.021952453565640902
2015-07-27,-0.012927556112985109
2015-07-28,0.02706208058336776
2015-07-29,0.015154615043850411
2015-07-30,-0.011820463893374591
2015-07-31,-0.014247757825120342
2015-08-03,-0.024381711641819306
2015-08-04,-0.0063461844263868195
2015-08-05,-0.0217854430766008
2015-08-06,0.015785420737781844
2015-08-07,-0.016833431581644506
2015-08-10,0.04970042592188894
2015-08-11,-0.0008374646688621192
2015-08-12,0.02089911343732002
2015-08-13,-0.019953267628306386
2015-08-14,-0.003053376636337979
2015-08-17,0.006603050223375641
2015-08-18,-0.005242306004420216
2015-08-19,-0.029619259724191018
2015-08-20,-0.02787206989734324
2015-08-21,-0.033655958094667045
2015-08-24,-0.055042445385442264
2015-08-25,-0.014796229189465387
2015-08-26,0.03167066657645707
2015-08-27,0.054652498205928636
2015-08-28,0.029213334136247205
2015-08-31,0.014016660619346871
2015-09-01,-0.04000998964495982
2015-09-02,0.009950136377307031
2015-09-03,0.0009754013659663922
2015-09-04,-0.014839970194701999
2015-09-08,0.010938574395101522
2015-09-09,-0.019391716918666146
2015-09-10,0.0043113720964517155
2015-09-11,-0.018748739765864424
2015-09-14,-0.015649975460813408
2015-09-15,0.015160338248687677
2015-09-16,0.03230947611924658
2015-09-17,0.0015150790689166989
2015-09-18,-0.02737522973057843
2015-09-21,0.003395530304766118
2015-09-22,-0.018782328173230525
2015-09-23,-0.028089579413578775
2015-09-24,0.0013743518231173896
2015-09-25,-0.004173971468442626
2015-09-28,-0.05074236173378869
2015-09-29,-0.014563921621927748
2015-09-30,0.03956140364801311
2015-10-01,0.017923585440317674
2015-10-02,0.06021654339267236
2015-10-05,0.04011017699945901
2015-10-06,0.025406162155108505
2015-10-07,0.013174460454673983
2015-10-08,0.020320378746533266
2015-10-09,-0.0059756285758566785
2015-10-12,-0.023642594986932917
2015-10-13,-0.018400410587299434
2015-10-14,0.00786425991184582
2015-10-15,0.01893614415498708
2015-10-16,0.0026230121451027294
2015-10-19,-0.023309156857955506
2015-10-20,0.0013291486115432534
2015-10-21,-0.02534573865453971
2015-10-22,0.0006141395321120393
2015-10-23,-0.0017910328581416345
2015-10-26,-0.03012512775554423
2015-10-27,-0.018751846596908973
2015-10-28,0.0325901484880767
2015-10-29,0.009126065065300804
2015-10-30,0.013192719604991276
2015-11-02,0.011953090273364919
2015-11-03,0.028488786952636555
2015-11-04,-0.010637943686927187
2015-11-05,-0.005075259655405923
2015-11-06,0.0015196731887932903
2015-11-09,-0.009180527762183319
2015-11-10,0.0015170005342703778
2015-11-11,-0.03417142212157099
2015-11-12,-0.026502154851653855
2015-11-13,0.006934206899191872
2015-11-16,0.04192868052979604
2015-11-17,-0.018590991775251964
2015-11-18,0.014803017932940884
2015-11-19,-0.013774687616225764
2015-11-20,-0.019932783873765385
2015-11-23,0.004814266052527272
2015-11-24,0.028576639629064964
2015-11-25,-0.006837965503236144
2015-11-27,-0.015966656199612402
2015-11-30,0.00445697019721097
2015-12-01,-0.00024021744203945225
2015-12-02,-0.03920127411886506
2015-12-03,-0.03203360214589638
2015-12-04,-0.030565029768660813
2015-12-07,-0.06726904795042404
2015-12-08,0.008632619155263482
2015-12-09,0.026335354868161177
2015-12-10,0.011741285393703907
2015-12-11,-0.058047790304618894
2015-12-14,-0.019550310767779383
2015-12-15,0.008737039757967755
2015-12-16,-0.0037453313237737484
2015-12-17,-0.028946948402948883
2015-12-18,-0.02148692616205947
2015-12-21,0.01332975246161354
2015-12-22,0.013889071017803406
2015-12-23,0.07474174568704885
2015-12-24,-0.010193605602558081
2015-12-28,-0.02563909052134831
2015-12-29,0.0068282882992905525
2015-12-30,-0.020264039675545176
2015-12-31,0.018191412977559232
2016-01-04,0.006730681752927727
2016-01-05,0.0026248728857261685
2016-01-06,-0.06396456136330893
2016-01-07,-0.0359437945630643
2016-01-08,0.004528054154138049
2016-01-11,-0.038514740249217944
2016-01-12,-0.020652434502003308
2016-01-13,-0.051962659959866965
2016-01-14,0.06961829130208054
2016-01-15,-0.05238903340740283
2016-01-19,-0.05060954586934765
2016-01-20,-0.015445662574338692
2016-01-21,0.0551048175403285
2016-01-22,0.08054716488137391
2016-01-25,-0.05955618995666508
2016-01-26,0.048766685465779204
2016-01-27,-0.00912976210622165
2016-01-28,0.03677121915915645
2016-01-29,0.030153383498135202
2016-02-01,-0.02691218717470098
2016-02-02,-0.03817029885270114
2016-02-03,0.03345795389292847
2016-02-04,-0.0005164535244482904
2016-02-05,-0.036058097906166396
2016-02-08,-0.06844961027400753
2016-02-09,-0.028702943867755404
2016-02-10,0.00882573579130814
2016-02-11,-0.0210748005671705
2016-02-12,0.038691805907183734
2016-02-16,0.017181672340417783
2016-02-17,0.04945916053790067
2016-02-18,-0.0070795018449327325
2016-02-19,-0.025658400374746884
2016-02-22,0.0444887963905374
2016-02-23,-0.048481280880149254
2016-02-24,0.04320103982151039
2016-02-25,0.00031494202097336516
2016-02-26,0.023964314353732776
2016-02-29,0.011610505840752156
2016-03-01,-0.0074877474362
2016-03-02,0.03995494788059051
2016-03-03,0.05233413233107268
2016-03-04,0.037234833944226865
2016-03-07,0.04567340502063336
2016-03-08,-0.07595395389969962
2016-03-09,0.03028123461785656
2016-03-10,-0.012473764438566876
2016-03-11,0.02688295598821969
2016-03-14,-0.004602731236787977
2016-03-15,-0.013801971509634641
2016-03-16,0.041338386810566174
2016-03-17,0.010171045070632734
2016-03-18,-0.0009774493339601935
2016-03-21,-0.0077545841043122525
2016-03-22,0.0036186460868525374
2016-03-23,-0.04388580266929665
2016-03-24,0.0016556170689759526
2016-03-28,-0.012099329402306888
2016-03-29,0.005702994441626516
2016-03-30,0.005024786088434059
2016-03-31,0.00890567225133678
2016-04-01,-0.022518807163738667
2016-04-04,-0.010870273181176402
2016-04-05,-0.011620311249566384
2016-04-06,0.027325673355733257
2016-04-07,0.001372465614155563
2016-04-08,0.03328657429671369
2016-04-11,0.011622519013826849
2016-04-12,0.05894447983245361
2016-04-13,0.00349948759456419
2016-04-14,-0.0038093099356871357
2016-04-15,-0.01684021258974756
2016-04-18,0.015038628284064284
2016-04-19,0.03899931682255533
2016-04-20,0.020115803058679712
2016-04-21,-0.0001364778620851261
2016-04-22,0.02889394545116579
2016-04-25,-0.014359167222172528
2016-04-26,0.018840911993224407
2016-04-27,0.0328655723165168
2016-04-28,-0.02470592208230378
2016-04-29,-0.007071537450506579
2016-05-02,-0.0112514589989242
2016-05-03,-0.03398643916098193
2016-05-04,-0.00992672310793898
2016-05-05,0.02079395503575017
2016-05-06,-0.008273423339543446
2016-05-09,-0.02324129239162973
2016-05-10,0.01729773189612814
2016-05-11,0.016154147895190554
2016-05-12,-0.0029948614933588643
2016-05-13,-0.0019255045541476206
2016-05-16,0.022168617320409038
2016-05-17,0.012620668336871671
2016-05-18,-0.01844800452800628
2016-05-19,-0.0007688598032183311
2016-05-20,0.00660779247307942
2016-05-23,-0.007512856221497569
2016-05-24,-0.012954939248901115
2016-05-25,0.0198706149969866
2016-05-26,-0.011100498917854173
2016-05-27,0.004291254268216023
2016-05-31,0.006896530810714781
2016-06-01,0.013766925282935058
2016-06-02,0.0015663963531898407
2016-06-03,-0.007430005717058989
2016-06-06,0.02571281043168301
2016-06-07,0.021854587949178644
2016-06-08,-0.0017117421158523622
2016-06-09,-0.00580364365814832
2016-06-10,-0.036053464555344604
2016-06-13,-0.014571852409937358
2016-06-14,-0.0011102565029868134
2016-06-15,0.00015778681482685186
2016-06-16,-0.0028377793146153276
2016-06-17,0.018545528366931047
2016-06-20,0.009480800206772768
2016-06-21,0.017023678512578064
2016-06-22,-0.007379005547595126
2016-06-23,0.02200074030971247
2016-06-24,-0.041624086810015865
2016-06-27,-0.0421993886643617
2016-06-28,0.03869194986194934
2016-06-29,0.021633095904358527
2016-06-30,0.0014724656207326704
2016-07-01,0.006555125806437388
2016-07-05,-0.0230408152668881
2016-07-06,0.0011852631769650457
2016-07-07,-0.010728791429153816
2016-07-08,0.01636386496041284
2016-07-11,0.0010999581898226464
2016-07-12,0.041847994234286395
2016-07-13,-0.0231520421958141
2016-07-14,0.004207907461088058
2016-07-15,-0.012177359744041855
2016-07-18,0.005465247872032448
2016-07-19,-0.011551073665566491
2016-07-20,-0.0005353881866747382
2016-07-21,-0.008443386148745105
2016-07-22,0.0018194539040390506
2016-07-25,-0.02247686689429725
2016-07-26,0.014308083469189098
2016-07-27,-0.019011088764522278
2016-07-28,-0.0033416114063967253
2016-07-29,0.014176299800266088
2016-08-01,-0.03785169054401131
2016-08-02,0.00748343595386478
2016-08-03,0.032542434061971416
2016-08-04,-0.002127003492193876
2016-08-05,0.014605307493538389
2016-08-08,0.021134511885318872
2016-08-09,-0.012613512436438115
2016-08-10,-0.01020513913104526
2016-08-11,0.02044321897578291
2016-08-12,0.00473609990481912
2016-08-15,0.010879695359095354
2016-08-16,0.0030743773627204493
2016-08-17,0.021527930805362527
2016-08-18,0.012314424265123539
2016-08-19,-0.005879495756383191
2016-08-22,-0.015697896870750905
2016-08-23,0.00855894317876528
2016-08-24,-0.01067237121508735
2016-08-25,-0.006086453723654554
2016-08-26,0.002141995434012218
2016-08-29,0.005374070169594597
2016-08-30,0.007136496579679972
2016-08-31,-0.015253988266053084
2016-09-01,-0.004070763148741237
2016-09-02,0.012420727213961993
2016-09-06,0.014153823250766298
2016-09-07,0.012383877130620386
2016-09-08,0.033873808456314485
2016-09-09,-0.030232908124596378
2016-09-12,0.0059766049994778485
2016-09-13,-0.03399232131072825
2016-09-14,-0.014274756009997419
2016-09-15,0.013348539937815965
2016-09-16,-0.004657259664653403
2016-09-19,0.004245734163910238
2016-09-20,-0.012377649959503181
2016-09-21,0.021901419773520957
2016-09-22,0.0021869428776435523
2016-09-23,-0.018074891623829355
2016-09-26,-0.008581867618297734
2016-09-27,-0.00915173896533201
2016-09-28,0.044812149135346806
2016-09-29,-0.0035221010058580408
2016-09-30,0.012332892382683628
2016-10-03,-0.0020322930274759426
2016-10-04,-0.013393617818906786
2016-10-05,0.01670934424458945
2016-10-06,-0.0026317089069477495
2016-10-07,-0.013677162513321545
2016-10-10,0.01472394229212968
2016-10-11,-0.012879249728861933
2016-10-12,-0.001258387318441213
2016-10-13,-0.010812297642122248
2016-10-14,-0.0045687309303323875
2016-10-17,-0.007686788711082984
2016-10-18,0.007068553898555967
2016-10-19,0.014387340983417651
2016-10-20,0.000576799552672258
2016-10-21,-0.004093955877505324
2016-10-24,-0.0008561322213339884
2016-10-25,-0.011869926853588753
2016-10-26,0.0017249610310477541
2016-10-27,-0.005880581958702141
2016-10-28,-0.010132569685854964
2016-10-31,-0.011108261693578212
2016-11-01,-0.008765819694452143
2016-11-02,-0.012874136670774758
2016-11-03,-0.00832352644157013
2016-11-04,-0.0029122663058613976
2016-11-07,0.01972434862186155
2016-11-08,0.0014684542769611887
2016-11-09,0.04310431364383705
2016-11-10,-0.005483882528637754
2016-11-11,-0.009314807298009533
2016-11-14,0.012729170377384144
2016-11-15,0.028290551751344085
2016-11-16,-0.008512652673598547
2016-11-17,-0.0056819014238125715
2016-11-18,0.010941717720803934
2016-11-21,0.03553514227944923
2016-11-22,-0.0004732631695432606
2016-11-23,0.0055368664224425225
2016-11-25,-0.007838069716096513
2016-11-28,-0.01994936408588033
2016-11-29,-0.01585160189542484
2016-11-30,0.05582942118396877
2016-12-01,0.004648165502482149
2016-12-02,0.00015055249979013807
2016-12-05,0.02732967098322482
2016-12-06,0.0017028558978982172
2016-12-07,0.010659198300937705
2016-12-08,0.014380945487883217
2016-12-09,-0.0009171451157553995
2016-12-12,0.004230588431083075
2016-12-13,0.007138990763264376
2016-12-14,-0.020572055881057243
2016-12-15,0.006378312444000288
2016-12-16,0.008967383893009597
2016-12-19,-0.00013913756799798413
2016-12-20,0.008066343521490577
2016-12-21,0.0022561040925175163
2016-12-22,0.002297873791714866
2016-12-23,-0.022381057480033124
2016-12-27,0.018338398241362935
2016-12-28,-0.014391703461078686
2016-12-29,-0.00622668584304456
2016-12-30,-0.0017096452241743554
2017-01-03,0.01271922232841879
2017-01-04,0.02211553471736816
2017-01-05,0.00913276552752155
2017-01-06,0.002538789928459772
2017-01-09,-0.010389442467598658
2017-01-10,-0.012411542253788243
2017-01-11,0.010553886844735863
2017-01-12,-0.0044067821449906425
2017-01-13,0.001758689612012786
2017-01-17,0.027632251446456382
2017-01-18,-0.010395384037489264
2017-01-19,-0.0008578828742797547
2017-01-20,0.008589727915461587
2017-01-23,-0.003952747088835982
2017-01-24,0.017388620930710683
2017-01-25,0.004693522852753244
2017-01-26,0.001971502274871107
2017-01-27,-0.01669073055941817
2017-01-30,-0.020067086141099255
2017-01-31,0.000027844855387227734
2017-02-01,-0.008599424457046922
2017-02-02,0.009195071049001738
2017-02-03,0.008126576657562284
2017-02-06,-0.0033400261124229788
2017-02-07,-0.015009407492087193
2017-02-08,0.0024457781401965814
2017-02-09,0.010913640411551864
2017-02-10,0.011236546845109482
2017-02-13,-0.005536476691849548
2017-02-14,0.0032096157568714347
2017-02-15,-0.0020182499982790334
2017-02-16,-0.017351769514648386
2017-02-17,-0.005643319015380223
2017-02-21,0.005151823166332383
2017-02-22,-0.020792318712671783
2017-02-23,-0.0004814134754182464
2017-02-24,-0.009675512923396102
2017-02-27,0.008468518152543694
2017-02-28,-0.0016426626341916283
2017-03-01,0.021278336134580036
2017-03-02,-0.014268508471855018
2017-03-03,0.0014629994062182784
2017-03-06,-0.001911679343626289
2017-03-07,-0.009990266289491637
2017-03-08,-0.03227119303899532
2017-03-09,-0.004373769725732506
2017-03-10,-0.0046648691937893295
2017-03-13,0.016022788082644703
2017-03-14,-0.018669372621952906
2017-03-15,0.023241619982806865
2017-03-16,-0.007903793354020023
2017-03-17,-0.008309889174063936
2017-03-20,0.008478108512338545
2017-03-21,-0.012594870120096404
2017-03-22,-0.004625572435662265
2017-03-23,0.0020345112502646776
2017-03-24,-0.0017450546652286643
2017-03-27,-0.002817565738051614
2017-03-28,0.017361959702945993
2017-03-29,0.02171302730664794
2017-03-30,0.0021297680251207477
2017-03-31,0.004935190843067955
2017-04-03,-0.007041401443085714
2017-04-04,0.004818298892005482
2017-04-05,-0.012201080394094038
2017-04-06,0.008708084749445824
2017-04-07,-0.004104208450415227
2017-04-10,0.00905789417876631
2017-04-11,-0.0029487159318718806
2017-04-12,-0.006478660574915214
2017-04-13,-0.018287082133652547
2017-04-17,0.00724654870249362
2017-04-18,-0.00789440236650723
2017-04-19,-0.0154055277414398
2017-04-20,0.0027184058330063793
2017-04-21,-0.004516425124473473
2017-04-24,0.0073011352305593176
2017-04-25,0.012495030821916225
2017-04-26,-0.0032577447998029807
2017-04-27,-0.016472095281389626
2017-04-28,-0.016850172205980923
2017-05-01,-0.012364166821969775
2017-05-02,-0.00497410281198168
2017-05-03,-0.010350670273478343
2017-05-04,-0.03243921141486699
2017-05-05,0.025073867904002966
2017-05-08,0.014051989116624258
2017-05-09,-0.011733515504500325
2017-05-10,0.021013057708116095
2017-05-11,-0.003253917435177995
2017-05-12,-0.0014448583363873512
2017-05-15,0.005071439901712045
2017-05-16,-0.007728464773757317
2017-05-17,-0.01950061241405811
2017-05-18,-0.0044202334892357266
2017-05-19,0.019269670080622314
2017-05-22,0.0034199823108790792
2017-05-23,-0.00143689020095418
2017-05-24,-0.00419093709501317
2017-05-25,-0.0173934111907143
2017-05-26,-0.005362591893063216
2017-05-30,-0.019250829771305416
2017-05-31,-0.00954854864659215
2017-06-01,0.007597473054886107
2017-06-02,-0.010136227476648324
2017-06-05,-0.00017184918613111222
2017-06-06,0.014000285693599008
2017-06-07,-0.020489164953657397
2017-06-08,0.0006937756942265958
2017-06-09,0.02337423966189003
2017-06-12,0.00474473336578167
2017-06-13,0.008634694210940555
2017-06-14,-0.02691418037679039
2017-06-15,-0.010838618932794508
2017-06-16,0.01986206999845555
2017-06-19,-0.007994772195898378
2017-06-20,-0.023981243733500853
2017-06-21,-0.01979563999815365
2017-06-22,0.008297968374303974
2017-06-23,0.01356929510158975
2017-06-26,0.00876683893477804
2017-06-27,0.0025721524543612143
2017-06-28,0.0122776788346744
2017-06-29,0.006275920715027583
2017-06-30,0.007173570469453707
2017-07-03,0.013032301070733282
2017-07-05,-0.019643344746095266
2017-07-06,-0.013635480805106556
2017-07-07,-0.003312510063727981
2017-07-10,0.004367380010808293
2017-07-11,0.004677813572018842
2017-07-12,0.005641794537170716
2017-07-13,0.0054172226118094175
2017-07-14,0.007693685902583014
2017-07-17,-0.002377429634252304
2017-07-18,-0.007196713824898976
2017-07-19,0.015998375944459024
2017-07-20,-0.0034234679246928357
2017-07-21,-0.007203683446419913
2017-07-24,0.002727989562767865
2017-07-25,0.014283439496574157
2017-07-26,0.0038292673252958986
2017-07-27,0.013458489467661058
2017-07-28,-0.0042353984740714406
2017-07-31,-0.0019336373931795787
2017-08-01,-0.0012459388641451463
2017-08-02,-0.0015923106839172234
2017-08-03,-0.01733704699549118
2017-08-04,0.007631114487745195
2017-08-07,-0.01711399052221971
2017-08-08,-0.013706546583411037
2017-08-09,0.002508763353736116
2017-08-10,-0.010926323280260978
2017-08-11,0.001176353187565445
2017-08-14,-0.005163659931875703
2017-08-15,-0.007166821624947871
2017-08-16,-0.01452938600776455
2017-08-17,-0.015630772475307485
2017-08-18,0.00524119164591801
2017-08-21,-0.004635732478592854
2017-08-22,0.0112347868950289
2017-08-23,0.007348021567651806
2017-08-24,0.005138117146840843
2017-08-25,-0.0006344477693084235
2017-08-28,-0.00528852295541915
2017-08-29,-0.003964250969963561
2017-08-30,0.003683440050832492
2017-08-31,0.015741635298279797
2017-09-01,0.015574933317839795
2017-09-05,-0.005052536697492296
2017-09-06,0.011576761717368078
2017-09-07,0.00036719033618444014
2017-09-08,-0.012656856375929343
2017-09-11,0.00793988571564129
2017-09-12,0.006003049230816242
2017-09-13,0.013812869152539398
2017-09-14,0.004381651397123057
2017-09-15,0.005374156525602723
2017-09-18,0.004884426287281867
2017-09-19,0.003488238715077215
2017-09-20,0.008250824167498167
2017-09-21,-0.0048421690419175835
2017-09-22,0.004492533558087176
2017-09-25,0.021238189622939403
2017-09-26,0.0031100970576047604
2017-09-27,0.0009819910674792552
2017-09-28,0.0018934114216001784
2017-09-29,-0.004545266459670276
2017-10-02,0.0036219446712045197
2017-10-03,0.0016519233496409037
2017-10-04,-0.005504811841063699
2017-10-05,0.00827492050236201
2017-10-06,-0.011599328015418136
2017-10-09,0.0006421106190110151
2017-10-10,-0.0008048984061689903
2017-10-11,0.004473220772413249
2017-10-12,-0.004053721996668351
2017-10-13,-0.003733099248152826
2017-10-16,-0.0031336981515432127
2017-10-17,-0.0003149185900399633
2017-10-18,-0.009163238545375716
2017-10-19,-0.0019625937529971263
2017-10-20,-0.0010995481640945863
2017-10-23,-0.013967431324581553
2017-10-24,0.0005511585897467289
2017-10-25,-0.020601158784848122
2017-10-26,0.006791797287118359
2017-10-27,0.01964392894930948
2017-10-30,0.008153290087665238
2017-10-31,0.01343368157908309
2017-11-01,0.019851591113385716
2017-11-02,0.006004711156158499
2017-11-03,0.009290778356171295
2017-11-06,0.034565185536409
2017-11-07,-0.001586508811380662
2017-11-08,-0.010674055011121139
2017-11-09,0.0016704890813959196
2017-11-10,-0.004903570515422187
2017-11-13,-0.013200937931479528
2017-11-14,-0.01620579793001176
2017-11-15,-0.005998103718321768
2017-11-16,0.0016221691919047997
2017-11-17,0.006512925781295406
2017-11-20,-0.003929229723447915
2017-11-21,-0.0019334183837450142
2017-11-22,0.007361858179889519
2017-11-24,-0.004043907857950109
2017-11-27,-0.003819122181685087
2017-11-28,0.003434061456883117
2017-11-29,0.000711446099583582
2017-11-30,0.029127118318499318
2017-12-01,0.008898374929464012
2017-12-04,-0.004431618641953498
2017-12-05,0.0034951530188711277
2017-12-06,-0.027504550967034417
2017-12-07,0.006520269588977459
2017-12-08,0.012771979258198568
2017-12-11,0.011664975030031938
2017-12-12,-0.0005421597698223082
2017-12-13,0.003179500208736465
2017-12-14,-0.0007034289907836786
2017-12-15,-0.00494489171464486
2017-12-18,0.012445238804963671
2017-12-19,-0.006863145199301331
2017-12-20,0.011680198549299567
2017-12-21,0.019563655023519436
2017-12-22,0.004212519340709653
2017-12-26,0.015342171567828364
2017-12-27,-0.004864992620725488
2017-12-28,0.0051705776822235415
2017-12-29,-0.002314233753072876
2018-01-02,0.026966135187066673
2018-01-03,0.013579156613860993
2018-01-04,0.0032337343501663285
2018-01-05,-0.005681491203393428
2018-01-08,0.005617929025265339
2018-01-09,-0.003355225389913614
2018-01-10,0.0006113619199540297
2018-01-11,0.02453829380880776
2018-01-12,0.010547690802852588
2018-01-16,-0.015326161272939948
2018-01-17,0.005910243885194792
2018-01-18,-0.011851353612108336
2018-01-19,-0.0003493978111518044
2018-01-22,0.01962527957060004
2018-01-23,0.0028375616360329877
2018-01-24,-0.003456375363996835
2018-01-25,-0.01024446517676369
2018-01-26,-0.0008748160947542882
2018-01-29,-0.012977654133501798
2018-01-30,-0.025202830458361067
2018-01-31,-0.0008448184895340494
2018-02-01,0.00926102245377848
2018-02-02,-0.034407144267924086
2018-02-05,-0.035530144201178566
2018-02-06,0.009999724640568175
2018-02-07,-0.015755736459261174
2018-02-08,-0.03682487972727159
2018-02-09,0.00340993253096498
2018-02-12,0.02833153110240196
2018-02-13,-0.000926636489107957
2018-02-14,0.018280868992165262
2018-02-15,0.0018303186192759197
2018-02-16,-0.004178962295963443
2018-02-20,-0.0051390254700263704
2018-02-21,-0.02000529802394128
2018-02-22,0.006551783838066899
2018-02-23,0.015591345686371777
2018-02-26,0.0030051513927236892
2018-02-27,-0.013347050872669061
2018-02-28,-0.023805052413699842
2018-03-01,0.0036650651572276336
2018-03-02,0.0028067332606895082
2018-03-05,0.011774122485099273
2018-03-06,0.0004093508944027722
2018-03-07,-0.005184339017576298
2018-03-08,0.0004353569445298318
2018-03-09,0.018083771678027372
2018-03-12,-0.00041013094905473685
2018-03-13,0.000061986106030217
2018-03-14,-0.005956284209666748
2018-03-15,-0.016797192528967168
2018-03-16,0.017579093983957753
2018-03-19,-0.016890770018925933
2018-03-20,-0.0014454883223225246
2018-03-21,0.029750374031609832
2018-03-22,-0.021750476825439177
2018-03-23,-0.006485193623842353
2018-03-26,0.014862298378168373
2018-03-27,-0.012475407609520766
2018-03-28,-0.013423956431085085
2018-03-29,0.020575479078891786
2018-04-02,-0.020242270042466412
2018-04-03,0.017495022288663967
2018-04-04,-8.819774925112692e-6
2018-04-05,0.017373048943301408
2018-04-06,-0.022121001510081298
2018-04-09,0.0030320881159529114
2018-04-10,0.03377295200705068
2018-04-11,0.009495518447429421
2018-04-12,-0.0010629913164477561
2018-04-13,0.007716536707932556
2018-04-16,0.016030957171726357
2018-04-17,0.009309808846585665
2018-04-18,0.01583955457099058
2018-04-19,-0.0017296372622534056
2018-04-20,-0.004263811024788002
2018-04-23,0.007435651397447285
2018-04-24,-0.014515903353374446
2018-04-25,0.005394564957724816
2018-04-26,0.016703169318509088
2018-04-27,-0.01007207071356476
2018-04-30,0.0032606764312397146
2018-05-01,-0.00011863209601082243
2018-05-02,0.013132690662977545
2018-05-03,-0.006678964611153512
2018-05-04,0.013503094690171765
2018-05-07,0.0038978717214049378
2018-05-08,0.011930893829745876
2018-05-09,0.018708541109422328
2018-05-10,0.004245331890278356
2018-05-11,-0.0001356747134225502
2018-05-14,0.009831663023275197
2018-05-15,0.00041251936403675915
2018-05-16,0.004287806759552847
2018-05-17,0.02087657564583631
2018-05-18,-0.005402712086514332
2018-05-21,0.012529417281250316
2018-05-22,-0.0126067450769905
2018-05-23,0.003344557017753579
2018-05-24,-0.013747748414612473
2018-05-25,-0.016779112858730873
2018-05-29,-0.0006701185741477822
2018-05-30,0.03238823415271871
2018-05-31,-0.006141724478696649
2018-06-01,0.006923934135675209
2018-06-04,-0.009450140467912205
2018-06-05,-0.004010243091930187
2018-06-06,-0.0006635000241617996
2018-06-07,0.018451480912528406
2018-06-08,-0.0035541904456284725
2018-06-11,0.013777285917816023
2018-06-12,-0.009386949721695556
2018-06-13,-0.0014804623785660183
2018-06-14,-0.0027112908542710895
2018-06-15,-0.023056687662374925
2018-06-18,0.015071677395449207
2018-06-19,-0.0002739499393825627
2018-06-20,0.008324986296849862
2018-06-21,-0.017874053247543084
2018-06-22,0.014235502590881771
2018-06-25,-0.023669846714631997
2018-06-26,0.019000948225491986
2018-06-27,0.008262178657649407
2018-06-28,0.0019063747920117409
2018-06-29,0.008759134258976176
2018-07-02,-0.014245988665539772
2018-07-03,0.008177179916178223
2018-07-05,-0.0007156412356808204
2018-07-06,0.010119404899061666
2018-07-09,0.012641749135312496
2018-07-10,0.0035557459810441755
2018-07-11,-0.020959287975925348
2018-07-12,0.003163982956957518
2018-07-13,0.006057814326170585
2018-07-16,-0.012558173938517997
2018-07-17,-0.0008023855619490872
2018-07-18,0.006854164221597903
2018-07-19,0.007255221880850625
2018-07-20,-0.004285380273274912
2018-07-23,0.0006822182252735574
2018-07-24,0.006368781082674052
2018-07-25,0.013751595733131358
2018-07-26,0.012843755200276483
2018-07-27,-0.014801663285811029
2018-07-30,0.011148020196171565
2018-07-31,0.0036696941085503317
2018-08-01,-0.005302089504247182
2018-08-02,-0.0011966237940734027
2018-08-03,-0.0018317217595265195
2018-08-06,0.0054287217347985944
2018-08-07,-0.0012101520798522187
2018-08-08,-0.0035059109670275562
2018-08-09,-0.00884229410019477
2018-08-10,0.0029257300177748663
2018-08-13,-0.015757339962770206
2018-08-14,0.001820201304576825
2018-08-15,-0.030356197008591546
2018-08-16,0.007278934714960407
2018-08-17,0.0066553553072089405
2018-08-20,0.010433259501905804
2018-08-21,0.006797494616344606
2018-08-22,0.01448814056226363
2018-08-23,-0.002981499827090034
2018-08-24,0.006306919253465405
2018-08-27,0.004347345369905252
2018-08-28,-0.007127127908626837
2018-08-29,0.006281446034683544
2018-08-30,-0.0026960013179075973
2018-08-31,-0.006178031749807901
2018-09-04,-0.003984421627046032
2018-09-05,-0.003580298837645615
2018-09-06,-0.020055630162537332
2018-09-07,-0.005626428808161152
2018-09-10,-0.001316381170321688
2018-09-11,0.009532783469442257
2018-09-12,0.005737347460171118
2018-09-13,-0.000672761374119373
2018-09-14,0.0007480176680008804
2018-09-17,-0.004180826631351493
2018-09-18,0.00968842454614354
2018-09-19,-0.0005983800386603807
2018-09-20,0.002240673807860786
2018-09-21,0.006685000856127568
2018-09-24,0.009731738862850156
2018-09-25,0.005268825515648279
2018-09-26,-0.010628221239503688
2018-09-27,0.0019633935422196055
2018-09-28,-0.0002329940198683387
2018-10-01,0.01679327446818195
2018-10-02,-0.003682834163967428
2018-10-03,0.014340687703794158
2018-10-04,-0.00914285085811603
2018-10-05,-0.004341548606778013
2018-10-08,-0.003759404328982701
2018-10-09,0.007921879765328882
2018-10-10,-0.03593468662673012
2018-10-11,-0.027172909781767843
2018-10-12,0.008349226178547354
2018-10-15,-0.006506333282497838
2018-10-16,0.015958213614170675
2018-10-17,-0.010446744133262941
2018-10-18,-0.006940012413757764
2018-10-19,-0.009235389106136227
2018-10-22,-0.011342075158247361
2018-10-23,-0.029870790051164154
2018-10-24,-0.04541691428900732
2018-10-25,0.012785331995932977
2018-10-26,-0.012559440336051594
2018-10-29,-0.02103207241892145
2018-10-30,0.023679881948944825
2018-10-31,0.015158280257269332
2018-11-01,0.005629670901921628
2018-11-02,-0.01796614651404019
2018-11-05,0.023861286175492796
2018-11-06,0.0003356078412935272
2018-11-07,0.01918773987473695
2018-11-08,-0.01934586782846813
2018-11-09,-0.0001227902032841834
2018-11-12,-0.023500793065632228
2018-11-13,-0.023634709702228352
2018-11-14,-0.006820841081554225
2018-11-15,0.014963664953074987
2018-11-16,0.005758877004379774
2018-11-19,-0.006352205672769386
2018-11-20,-0.03741161459336644
2018-11-21,0.026534373759872387
2018-11-23,-0.031948584896843275
2018-11-26,0.01938452344547612
2018-11-27,-0.005834824236313291
2018-11-28,0.015371463829242149
2018-11-29,0.00482308085076653
2018-11-30,-0.005583892053241617
2018-12-03,0.02383847475241863
2018-12-04,-0.03157534753216282
2018-12-06,-0.016528851458603614
2018-12-07,-0.003713856985546322
2018-12-10,-0.01893712431314831
2018-12-11,0.004278843737686014
2018-12-12,0.01272394328451821
2018-12-13,0.0033666859603379055
2018-12-14,-0.029494497768051745
2018-12-17,-0.023347653559762965
2018-12-18,-0.022977591100444308
2018-12-19,-0.0040185997129102285
2018-12-20,-0.024765339152305638
2018-12-21,-0.015662033195368505
2018-12-24,-0.044145052005428405
2018-12-26,0.07593239939567371
2018-12-27,-0.00048649237420040253
2018-12-28,-0.009773264004519111
2018-12-31,0.007937850602182675
2019-01-02,0.026246875152331633
2019-01-03,-0.0034138249924453995
2019-01-04,0.04111483576828296
2019-01-07,0.016900418830324764
2019-01-08,0.013554233690876652
2019-01-09,0.012210010142987287
2019-01-10,0.002239839622621309
2019-01-11,-0.005941605872409115
2019-01-14,0.00010949141655212473
2019-01-15,0.006418022721533838
2019-01-16,0.0017014759234524983
2019-01-17,0.00842542476405383
2019-01-18,0.018877713097223314
2019-01-22,-0.024592560914994607
2019-01-23,-0.009688458315370857
2019-01-24,0.0035119981848236496
2019-01-25,0.01676901476114093
2019-01-28,-0.011130117466799835
2019-01-29,0.007639280324823204
2019-01-30,0.013637778960313119
2019-01-31,-0.0016100722106998182
2019-02-01,0.008103864837899896
2019-02-04,0.005628129204576999
2019-02-05,-0.003684148416064195
2019-02-06,-0.012018372718750156
2019-02-07,-0.02660651923717514
2019-02-08,-0.005791555649520247
2019-02-11,0.0071998701599826865
2019-02-12,0.011984183097793569
2019-02-13,0.018428205319123758
2019-02-14,0.006873897042875628
2019-02-15,0.01731445261033006
2019-02-19,0.005745617474442054
2019-02-20,0.00004953532456290766
2019-02-21,-0.01533504182418984
2019-02-22,0.0028269063913582554
2019-02-25,-0.002380195367734164
2019-02-26,-0.011981812991531582
2019-02-27,0.002580967026602187
2019-02-28,-0.009167934433190273
2019-03-01,0.01996272610264023
2019-03-04,0.0017714419121937959
2019-03-05,-0.005457820441050888
2019-03-06,-0.015691311111242875
2019-03-07,-0.002936080234909382
2019-03-08,-0.02209593593278388
2019-03-11,0.021584211513662455
2019-03-12,0.0139615564451006
2019-03-13,0.010751809931668044
2019-03-14,0.0017126510432660576
2019-03-15,-0.004608342297695976
2019-03-18,0.01756447215085105
2019-03-19,-0.002139668968572636
2019-03-20,0.014114001514187865
2019-03-21,0.010792844776723176
2019-03-22,-0.028883974278264172
2019-03-25,0.002432269415037371
2019-03-26,0.01131163356914515
2019-03-27,-0.00686459774973779
2019-03-28,0.0017265922979117544
2019-03-29,0.0020550295431743895
2019-04-01,0.00898388735078709
2019-04-02,-0.00852326708733978
2019-04-03,-0.01333752981433394
2019-04-04,0.007303334131656338
2019-04-05,0.020907691915487015
2019-04-08,0.002781984489227137
2019-04-09,-0.016438992857028805
2019-04-10,0.008574606490072348
2019-04-11,-0.00011083431813384281
2019-04-12,0.00963403679254896
2019-04-15,-0.013597409269471283
2019-04-16,0.0011622478889345516
2019-04-17,-0.001921072498207832
2019-04-18,-0.010282246004204751
2019-04-22,0.02655548224040417
2019-04-23,0.0005403479993394272
2019-04-24,-0.0145235031437116
2019-04-25,-0.0065907838816441034
2019-04-26,-0.005129515354688262
2019-04-29,-0.0007118086718201216
2019-04-30,-0.0074780242584991385
2019-05-01,-0.014779099621591301
2019-05-02,-0.02244522699672603
2019-05-03,0.014462939625590818
2019-05-06,-0.0031675041587969958
2019-05-07,-0.002672720809630528
2019-05-08,-0.004582249543690973
2019-05-09,-0.003171719534677824
2019-05-10,0.010154343926092624
2019-05-13,-0.020020955623459943
2019-05-14,0.01623713116899167
2019-05-15,0.0076167488885946905
2019-05-16,0.009026931833439203
2019-05-17,-0.015913250021320925
2019-05-20,-0.003715780185679469
2019-05-21,0.016899733338029337
2019-05-22,-0.024673515507444507
2019-05-23,-0.03639076994065025
2019-05-24,0.0009914218106819629
2019-05-28,-0.010293649791387449
2019-05-29,-0.00443921754137618
2019-05-30,-0.01824638013422093
2019-05-31,-0.01613559190068688
2019-06-03,0.013432939748049577
2019-06-04,0.02160555278425623
2019-06-05,-0.019345776488883856
2019-06-06,0.012709151676766298
2019-06-07,-0.000019367561512620424
2019-06-10,-0.0009223125702017878
2019-06-11,0.0024357766355128144
2019-06-12,-0.021574842127277602
2019-06-13,0.01699855609615944
2019-06-14,-0.011687061382610215
2019-06-17,0.006938553272296287
2019-06-18,0.014416540379304019
2019-06-19,-0.0040012134149856925
2019-06-20,0.023291901473407716
2019-06-21,0.004380881694253584
2019-06-24,-0.014035698700815493
2019-06-25,-0.010748583744640933
2019-06-26,0.024048920136919148
2019-06-27,-0.006447045949971507
2019-06-28,0.01701188946171894
2019-07-01,0.0064983899334597845
2019-07-02,-0.02045238952572902
2019-07-03,0.004475629060390267
2019-07-05,0.00605013385460916
2019-07-08,-0.0056911764686586735
2019-07-09,0.0047544001951022275
2019-07-10,0.017450614662624892
2019-07-11,0.0010130996325865467
2019-07-12,0.004834981794984696
2019-07-15,-0.013339394123081308
2019-07-16,-0.012823993473633319
2019-07-17,-0.018816138958050427
2019-07-18,-0.0015032062317617927
2019-07-19,0.01004787226076273
2019-07-22,0.0046018881669669665
2019-07-23,0.0004310513371850409
2019-07-24,0.008879946519721302
2019-07-25,-0.01844248696286102
2019-07-26,-0.012972181064573646
2019-07-29,-0.013165598256376351
2019-07-30,0.02164506599071793
2019-07-31,0.0008942033518545648
2019-08-01,-0.01877521358707748
2019-08-02,-0.012558176882352728
2019-08-05,-0.035658012653314905
2019-08-06,0.0006962978809950578
2019-08-07,-0.007075213927947331
2019-08-08,0.028580301375416162
2019-08-09,-0.01257417299801733
2019-08-12,-0.013298722060204419
2019-08-13,0.00862764971450869
2019-08-14,-0.040014218731450356
2019-08-15,-0.005330656056574924
2019-08-16,0.024464712718382808
2019-08-19,0.026982545759350867
2019-08-20,-0.004826301590731751
2019-08-21,0.0005572226241690736
2019-08-22,-0.011037216909681421
2019-08-23,-0.03962228093295677
2019-08-26,0.005136288545807051
2019-08-27,-0.005266033411961408
2019-08-28,0.018692530498771554
2019-08-29,0.022166433303700606
2019-08-30,-0.005611254328120134
2019-09-03,-0.004564849318837795
2019-09-04,0.017041804832094495
2019-09-05,0.01748018906467592
2019-09-06,-0.00009547239262067593
2019-09-09,0.03175040291064735
2019-09-10,0.010156885160397219
2019-09-11,0.005629288480026695
2019-09-12,-0.008896483442674616
2019-09-13,0.00789121461393491
2019-09-16,0.041646753773479143
2019-09-17,-0.017836564090171494
2019-09-18,-0.0036266816676465974
2019-09-19,-0.008446112937535616
2019-09-20,0.003271021442104727
2019-09-23,0.00482031321085465
2019-09-24,-0.018413328295083797
2019-09-25,0.0004331022460027876
2019-09-26,-0.012033189981368009
2019-09-27,0.0032907757960333093
2019-09-30,-0.007518210902884491
2019-10-01,-0.01876304835447028
2019-10-02,-0.025295158808823395
2019-10-03,0.012570729113628309
2019-10-04,0.004727882851097806
2019-10-07,-0.009445377881654041
2019-10-08,-0.02509954476769961
2019-10-09,0.005444205079509569
2019-10-10,0.008610757784469694
2019-10-11,0.014589001255027248
2019-10-14,-0.01090477049481659
2019-10-15,0.007383274591322782
2019-10-16,-0.011447951487031807
2019-10-17,0.0038981445426704794
2019-10-18,-0.0046246666054487
2019-10-21,0.010760470964256266
2019-10-22,0.011673925207726763
2019-10-23,0.007593840212174958
2019-10-24,-0.001433209210055006
2019-10-25,0.007191945067069082
2019-10-28,-0.01018501695345457
2019-10-29,0.01267973825262328
2019-10-30,-0.021433926906786308
2019-10-31,-0.004224130441161905
2019-11-01,0.026742987177293332
2019-11-04,0.02675890366832634
2019-11-05,0.0007660557447264349
2019-11-06,-0.023887265054131916
2019-11-07,0.012620410639307486
2019-11-08,0.0034784580903410903
2019-11-11,-0.01696257303326994
2019-11-12,-0.005099991975924372
2019-11-13,-0.008827256903056094
2019-11-14,-0.002844066449196899
2019-11-15,0.011744925683037912
2019-11-18,-0.01918665400748798
2019-11-19,-0.02381951023680101
2019-11-20,0.0088923590890366
2019-11-21,0.01574844636856017
2019-11-22,-0.0005770321277744397
2019-11-25,0.00491765744371538
2019-11-26,-0.016176988474001675
2019-11-27,0.004875618689976204
2019-11-29,-0.01526800955161225
2019-12-02,-0.006726034167331127
2019-12-03,-0.013926045721212352
2019-12-04,0.014196688730280488
2019-12-05,-0.00834010004888259
2019-12-06,0.020462196966455442
2019-12-09,0.003798277251248395
2019-12-10,0.008428566915207145
2019-12-11,-0.0046017215235205034
2019-12-12,0.020429563357708517
2019-12-13,-0.006675240564766094
2019-12-16,0.0195222120243627
2019-12-17,0.008767554029664596
2019-12-18,0.007498589604645241
2019-12-19,0.008587382286969517
2019-12-20,0.008014057406495328
2019-12-23,0.019747969873216312
2019-12-24,-0.00018061098731096217
2019-12-26,0.0035506011043622923
2019-12-27,-0.009448258514228286
2019-12-30,-0.007978761610292368
2019-12-31,0.010990112196041882
2020-01-02,0.0028160569540480692
2020-01-03,0.0013329190676052334
2020-01-06,0.010609891892128553
2020-01-07,0.009830040758365221
2020-01-08,-0.02877263772769316
2020-01-09,0.007707713971264306
2020-01-10,-0.0063713087704547295
2020-01-13,-0.002402785958137079
2020-01-14,0.0049526221979363004
2020-01-15,-0.006266571412761106
2020-01-16,0.0006095484137768059
2020-01-17,-0.011784423943537787
2020-01-21,-0.026651119934153436
2020-01-22,-0.017023797814089747
2020-01-23,-0.0026386128752274953
2020-01-24,-0.019677892441951977
2020-01-27,-0.03049583897825726
2020-01-28,0.01172987014470378
2020-01-29,-0.0112829164855321
2020-01-30,0.005373156859768228
2020-01-31,-0.024025904722706295
2020-02-03,-0.010475104516863981
2020-02-04,0.007156421088376987
2020-02-05,0.0338925254519253
2020-02-06,-0.013669303561362289
2020-02-07,-0.010231116503384777
2020-02-10,-0.014144423574676407
2020-02-11,0.008550514034608436
2020-02-12,0.015392883508239382
2020-02-13,-0.0034425131938959955
2020-02-14,-0.0063496951994159905
2020-02-18,-0.0009534510013630565
2020-02-19,0.015824179660380452
2020-02-20,0.004961263504046701
2020-02-21,-0.01716093358920924
2020-02-24,-0.04629550369905486
2020-02-25,-0.04732862635599049
2020-02-26,-0.03379241638943428
2020-02-27,-0.05182467325454371
2020-02-28,0.031064137333174365
2020-03-02,0.030175682286529466
2020-03-03,-0.02351047487407137
2020-03-04,0.011670049840395913
2020-03-05,-0.03999451157672308
2020-03-06,-0.06612400188709795
2020-03-09,-0.26021229064880574
2020-03-10,0.07236430490281082
2020-03-11,-0.06454803757651638
2020-03-12,-0.11954745009091372
2020-03-13,0.11372750504519309
2020-03-16,-0.13199112057706933
2020-03-17,-0.0411278117673877
2020-03-18,-0.14443748588197677
2020-03-19,0.12301661348046555
2020-03-20,0.02290230944605026
2020-03-23,-0.08194397445259018
2020-03-24,0.14038061193068194
2020-03-25,0.04995627943001594
2020-03-26,0.027614126600652336
2020-03-27,-0.0677513240872933
2020-03-30,-0.019000850990719895
2020-03-31,0.03798381953769549
2020-04-01,-0.04925350002707427
2020-04-02,0.09310780597620678
2020-04-03,0.01595113083325206
2020-04-06,0.05780421158565927
2020-04-07,0.029048320982261715
2020-04-08,0.06634516720666302
2020-04-09,0.021498620486819164
2020-04-13,0.011419807019419031
2020-04-14,-0.0009655708109945066
2020-04-15,-0.048989605156464396
2020-04-16,-0.04792005630536313
2020-04-17,0.1079766324244092
2020-04-20,-0.0189462219787449
2020-04-21,-0.013913592020922155
2020-04-22,0.03812828509104012
2020-04-23,0.04191515292578446
2020-04-24,0.008166170706418882
2020-04-27,0.01947136766557826
2020-04-28,0.024001175459822707
2020-04-29,0.09635148044937591
2020-04-30,0.0064992285679123145
2020-05-01,-0.06883201969980017
2020-05-04,0.03571077537550251
2020-05-05,-0.0056777365843853666
2020-05-06,-0.0360280443640579
2020-05-07,0.02745510167934545
2020-05-08,0.04562269416724506
2020-05-11,-0.013098216802065382
2020-05-12,-0.004571756539984095
2020-05-13,-0.04384712406407768
2020-05-14,0.004594883411697258
2020-05-15,0.011837134568925337
2020-05-18,0.08513129210456982
2020-05-19,-0.025109541591959314
2020-05-20,0.04162035347922821
2020-05-21,-0.012224039425278707
2020-05-22,0.005041769218106669
2020-05-26,0.02818093307785727
2020-05-27,0.004485204811650767
2020-05-28,-0.03121921020861075
2020-05-29,-0.013189496065196976
2020-06-01,0.02390068376469053
2020-06-02,0.03251872475427625
2020-06-03,0.026310656298034526
2020-06-04,0.009460409529742406
2020-06-05,0.0878526287848596
2020-06-08,0.07595414592647644
2020-06-09,-0.045611520765393924
2020-06-10,-0.048448774864695315
2020-06-11,-0.09835081538378272
2020-06-12,0.02387944103366618
2020-06-15,0.022157498536010994
2020-06-16,0.024405705208192626
2020-06-17,-0.03779409759557418
2020-06-18,0.012563846990937433
2020-06-19,-0.019343659426324905
2020-06-22,-0.002835242822271151
2020-06-23,-0.008233320308350944
2020-06-24,-0.059472101889651706
2020-06-25,0.010698524845448601
2020-06-26,-0.046270526502730225
2020-06-29,0.017588600462711778
2020-06-30,0.029689373850807003
2020-07-01,-0.020341403616583136
2020-07-02,0.01548908597192406
2020-07-06,-0.004795612133034403
2020-07-07,-0.026514562041123162
2020-07-08,-0.0032971219152531928
2020-07-09,-0.044053440890440776
2020-07-10,0.029081173103685565
2020-07-13,-0.01624145708594844
2020-07-14,0.026852907320740083
2020-07-15,0.03376240624285739
2020-07-16,-0.0005205793696017776
2020-07-17,-0.015163449977637772
2020-07-20,-0.014804274639247656
2020-07-21,0.06537885323628137
2020-07-22,-0.016323587191184805
2020-07-23,0.0005661353785799822
2020-07-24,-0.0046369736139376255
2020-07-27,-0.014181252188897445
2020-07-28,-0.012435781588636138
2020-07-29,0.03282336063149483
2020-07-30,-0.024215418848512183
2020-07-31,-0.0008121051774715726
2020-08-03,0.008685718680815446
2020-08-04,0.02413293639805594
2020-08-05,0.014244070828213282
2020-08-06,-0.00758238799086236
2020-08-07,0.008049087667268274
2020-08-10,0.028962526842953928
2020-08-11,-0.01905849845151578
2020-08-12,0.010086734770037456
2020-08-13,-0.020757845252491233
2020-08-14,0.018001793005359725
2020-08-17,-0.005748484695792903
2020-08-18,-0.01819016496135649
2020-08-19,-0.008003831323856089
2020-08-20,-0.020328923413029776
2020-08-21,-0.01099280254486378
2020-08-24,0.021600905462825244
2020-08-25,-0.008247593904723205
2020-08-26,-0.02568295883528908
2020-08-27,0.010327223992914433
2020-08-28,0.01880966170312888
2020-08-31,-0.026265538039118113
2020-09-01,-0.0046149284967750654
2020-09-02,-0.009769406569226341
2020-09-03,-0.01125259395488785
2020-09-04,-0.005129857026412994
2020-09-08,-0.04662713610528992
2020-09-09,0.00571888276580243
2020-09-10,-0.04405900767809825
2020-09-11,0.009551396586713229
2020-09-14,0.017048109399545097
2020-09-15,-0.005984009786254916
2020-09-16,0.04761937830879929
2020-09-17,-0.001657821698400258
2020-09-18,-0.009068262235687352
2020-09-21,-0.026612124666813484
2020-09-22,-0.012557927709867023
2020-09-23,-0.05157603103340435
2020-09-24,0.0029197263209835567
2020-09-25,-0.002917735560852975
2020-09-28,0.026464262100783575
2020-09-29,-0.0213859905360599
2020-09-30,-0.010805576804131328
2020-10-01,-0.03016771156260245
2020-10-02,0.01823084512352025
2020-10-05,0.039885016276981204
2020-10-06,-0.020649874090311143
2020-10-07,0.020391402871080776
2020-10-08,0.05620736771695714
2020-10-09,-0.016579860760519358
2020-10-12,0.0017953200045794416
2020-10-13,-0.011734947652025401
2020-10-14,0.0052293991094531185
2020-10-15,0.012726969037563693
2020-10-16,-0.028097895040167603
2020-10-19,-0.020424940861994294
2020-10-20,0.0162578326715081
2020-10-21,-0.022256056700902135
2020-10-22,0.043213478694399336
2020-10-23,-0.0009212877629911215
2020-10-26,-0.045503890909767274
2020-10-27,-0.01369726254980227
2020-10-28,-0.04746190817536552
2020-10-29,0.028228988818249104
2020-10-30,0.002018289940829513
2020-11-02,0.02468258187954414
2020-11-03,-0.0016854114809168041
2020-11-04,-0.0029770851860805303
2020-11-05,0.012261884860682951
2020-11-06,-0.031403822943867794
2020-11-09,0.14262075645769437
2020-11-10,0.028616126080412946
2020-11-11,-0.0020713637926961376
2020-11-12,-0.03368300312609706
2020-11-13,0.04800154573037258
2020-11-16,0.053157011550738785
2020-11-17,0.01882550098308233
2020-11-18,-0.02246790292245131
2020-11-19,0.024422836908145923
2020-11-20,-0.00843006303011655
2020-11-23,0.07181004663672294
2020-11-24,0.04582350792992986
2020-11-25,-0.011226661385773948
2020-11-27,-0.01282514155593592
2020-11-30,-0.05169094110923136
2020-12-01,-0.0008839439571832938
2020-12-02,0.03503667734082642
2020-12-03,0.012677384932489882
2020-12-04,0.06797693462394372
2020-12-07,-0.02442397534970167
2020-12-08,0.011654160330949773
2020-12-09,0.0012380223336900809
2020-12-10,0.0390387849231264
2020-12-11,-0.014100191978940552
2020-12-14,-0.035591809319614746
2020-12-15,0.023166904434298835
2020-12-16,-0.010910235213759228
2020-12-17,-0.002407594332804422
2020-12-18,-0.01730946371920299
2020-12-21,-0.018574507928723564
2020-12-22,-0.018069916677337275
2020-12-23,0.03175132170106131
2020-12-24,-0.011232463446109573
2020-12-28,-0.017036315117933507
2020-12-29,-0.004624551640668472
2020-12-30,0.018368288609378763
2020-12-31,-0.008914988453452954
2021-01-04,0.004105240986702216
2021-01-05,0.05440015349319682
2021-01-06,0.0305617271026673
2021-01-07,0.023964407831179993
2021-01-08,-0.013105507312753284
2021-01-11,0.017338488722065882
2021-01-12,0.04923448395784641
2021-01-13,-0.010533675645088147
2021-01-14,0.030164801644832494
2021-01-15,-0.027585355386635663
2021-01-19,0.011477320780972152
2021-01-20,-0.003447560995626958
2021-01-21,-0.036616633527564384
2021-01-22,-0.0061308446194883875
2021-01-25,-0.005001778234970435
2021-01-26,-0.022309207110505394
2021-01-27,-0.007271254116886436
2021-01-28,0.010530674243420496
2021-01-29,-0.028147411736795403
2021-02-01,0.014084466066604942
2021-02-02,0.01658350108067957
2021-02-03,0.03921899595256218
2021-02-04,0.0020996935255127767
2021-02-05,0.0060659383279563495
2021-02-08,0.04555280755374671
2021-02-09,-0.011267850136758328
2021-02-10,0.018035576083157766
2021-02-11,-0.01374342580628946
2021-02-12,0.01900609102706871
2021-02-16,0.02704478023696656
2021-02-17,0.011268640386273357
2021-02-18,-0.03320071678590543
2021-02-19,0.02355286691349452
2021-02-22,0.029974664859975023
2021-02-23,0.01427121335264954
2021-02-24,0.04112213819655524
2021-02-25,-0.02266554465555065
2021-02-26,-0.02057040879125345
2021-03-01,0.028655715597017864
2021-03-02,-0.0033992756090617895
2021-03-03,0.017332912569085607
2021-03-04,0.02673957307438078
2021-03-05,0.03384296765766271
2021-03-08,-0.008582959990569369
2021-03-09,-0.02619371563731363
2021-03-10,0.03362136595437776
2021-03-11,0.0071379828556506165
2021-03-12,-0.00318228006862104
2021-03-15,-0.007206582010543379
2021-03-16,-0.026760230926480232
2021-03-17,0.005934313754650797
2021-03-18,-0.05346464658442321
2021-03-19,0.016660721585147965
2021-03-22,-0.008672512321518435
2021-03-23,-0.023727778678030702
2021-03-24,0.019798318350405426
2021-03-25,0.009772391625838974
2021-03-26,0.026979546266581028
2021-03-29,-0.022692108712133115
2021-03-30,-0.005546343139066388
2021-03-31,-0.0025543681014240003
2021-04-01,0.031469104049571574
2021-04-05,-0.028041602749387995
2021-04-06,0.000916265258746829
2021-04-07,0.006418642711061133
2021-04-08,-0.01258877015405622
2021-04-09,-0.01133862504867921
2021-04-12,-0.011252425013707129
2021-04-13,0.0020639440235288805
2021-04-14,0.027967036018008443
2021-04-15,-0.0018511238857930646
2021-04-16,-0.011523630085183903
2021-04-19,0.00009508352408470662
2021-04-20,-0.03006743941194233
2021-04-21,0.015593211775721946
2021-04-22,-0.010565037726156445
2021-04-23,0.015632819496240877
2021-04-26,0.009990255878695823
2021-04-27,0.013838411594767591
2021-04-28,0.036632065411906424
2021-04-29,0.010163512350961523
2021-04-30,-0.02021848306314937
2021-05-03,0.02490390326160449
2021-05-04,0.0022979238914786434
2021-05-05,0.02665175015393452
2021-05-06,-0.0006967515213733058
2021-05-07,0.026231223962540687
2021-05-10,0.0016296460397925104
2021-05-11,-0.01670025739731938
2021-05-12,0.002128049831461138
2021-05-13,-0.011066303809669914
2021-05-14,0.03565774705137642
2021-05-17,0.027009722150739546
2021-05-18,-0.01617491890532509
2021-05-19,-0.018671413886484134
2021-05-20,-0.00030573620577058663
2021-05-21,0.0012476326558615164
2021-05-24,0.007958633715600086
2021-05-25,-0.023370999683411883
2021-05-26,0.01552255735718662
2021-05-27,0.004937953238046471
2021-05-28,-0.0005986652106276478
2021-06-01,0.04249739484627718
2021-06-02,0.017705048640241448
2021-06-03,0.0002078679836510592
2021-06-04,0.01429459051036229
2021-06-07,0.006813699288207774
2021-06-08,0.0072421717453526975
2021-06-09,-0.01111598052602017
2021-06-10,0.0015081944784805883
2021-06-11,0.004930435968363474
2021-06-14,-0.008299283097137622
2021-06-15,0.01258183839014237
2021-06-16,-0.0007952014397337956
2021-06-17,-0.04242322070031504
2021-06-18,-0.027605012637493296
2021-06-21,0.042858240610793706
2021-06-22,0.003973056107758092
2021-06-23,0.003228365494703451
2021-06-24,0.010181048134277068
2021-06-25,0.007818175122295865
2021-06-28,-0.03530883308236309
2021-06-29,-0.0028180741942763162
2021-06-30,0.0199405999113088
2021-07-01,0.01848923448771454
2021-07-02,-0.004160909691318687
2021-07-06,-0.03207314649736482
2021-07-07,-0.016944454880802
2021-07-08,-0.0015412241831665174
2021-07-09,0.022197381957654277
2021-07-12,-0.005996452987525496
2021-07-13,-0.010280409021653747
2021-07-14,-0.035559728916296704
2021-07-15,-0.017672351051443994
2021-07-16,-0.028179551879174855
2021-07-19,-0.03706391863505521
2021-07-20,0.021216501804255244
2021-07-21,0.03435413938184512
2021-07-22,-0.008979884733306348
2021-07-23,-0.005611012782750113
2021-07-26,0.026684260285551986
2021-07-27,-0.01801310824099611
2021-07-28,0.010715366479822038
2021-07-29,0.0011133667704169709
2021-07-30,-0.013674171721652278
2021-08-02,-0.014121129278732089
2021-08-03,0.017031611128158475
2021-08-04,-0.028337570646171064
2021-08-05,0.017223459548447922
2021-08-06,0.008787390369191647
2021-08-09,-0.01354652947957656
2021-08-10,0.025315799587226337
2021-08-11,0.0038226701408927053
2021-08-12,0.0021283400174366696
2021-08-13,-0.019450232686627603
2021-08-16,-0.02294271418295615
2021-08-17,-0.006744824295911088
2021-08-18,-0.023755219493447926
2021-08-19,-0.027632129026871
2021-08-20,0.006952711258531322
2021-08-23,0.03987165978406287
2021-08-24,0.019899629310664763
2021-08-25,0.013668965257761229
2021-08-26,-0.01767239400879979
2021-08-27,0.039423934865606
2021-08-30,-0.014967888695768608
2021-08-31,0.004008159444971765
2021-09-01,-0.007598615381529394
2021-09-02,0.02936630539061676
2021-09-03,-0.0008521688400726368
2021-09-07,-0.004704440356078139
2021-09-08,-0.006434233263694772
2021-09-09,-0.004764907848609852
2021-09-10,-0.002323694020033689
2021-09-13,0.03062332900659202
2021-09-14,-0.015949340299026768
2021-09-15,0.0399626519390276
2021-09-16,-0.013491293062231213
2021-09-17,-0.012799391137978988
2021-09-20,-0.02771833252986435
2021-09-21,0.00541555940025056
2021-09-22,0.03549092362550952
2021-09-23,0.033412503564823615
2021-09-24,0.006447490835035402
2021-09-27,0.04457975356802518
2021-09-28,-0.006194036421475503
2021-09-29,0.0029367251802793573
2021-09-30,-0.008216974259376461
2021-10-01,0.02564036764450588
2021-10-04,0.02661543397499122
2021-10-05,0.003513549680616577
2021-10-06,-0.014471783551406298
2021-10-07,0.016185050238886098
2021-10-08,0.026131605860195455
2021-10-11,-0.004135478890969532
2021-10-12,0.005758267506170173
2021-10-13,-0.00040596159096655443
2021-10-14,0.01484445617168082
2021-10-15,0.002465564881700096
2021-10-18,0.0045106695450896584
2021-10-19,0.004700015761977469
2021-10-20,0.011868061567392332
2021-10-21,-0.01931707389341056
2021-10-22,0.011023282123769818
2021-10-25,0.017210078387657365
2021-10-26,-0.003174989513625016
2021-10-27,-0.029969770599306732
2021-10-28,-0.0004095197400840467
2021-10-29,-0.012910543862705437
2021-11-01,0.02190364570938637
2021-11-02,-0.008636242673572806
2021-11-03,-0.005996127193957941
2021-11-04,-0.0019452608398491066
2021-11-05,0.021519418139043418
2021-11-08,0.006666223037094303
2021-11-09,-0.0023545831090549993
2021-11-10,-0.02855067605186976
2021-11-11,0.01235287227488254
2021-11-12,-0.0015175774616239441
2021-11-15,0.006227768577160971
2021-11-16,-0.001555265058168831
2021-11-17,-0.025660480418482897
2021-11-18,-0.0016492205436169406
2021-11-19,-0.03545836752139118
2021-11-22,0.012607930025574199
2021-11-23,0.03157802114482967
2021-11-24,0.014737485458040711
2021-11-26,-0.04429465754174198
2021-11-29,0.004612827657951184
2021-11-30,-0.027575919889856183
2021-12-01,-0.021391586065224316
2021-12-02,0.028605994518891138
2021-12-03,-0.011082503498068474
2021-12-06,0.017281872217187633
2021-12-07,0.02651778685873897
2021-12-08,0.0002903551576494921
2021-12-09,-0.013058548057806674
2021-12-10,0.008130375884999144
2021-12-13,-0.032112450346242896
2021-12-14,-0.004965652395458163
2021-12-15,0.0012113471867104542
2021-12-16,-0.0007712833993060905
2021-12-17,-0.011395254174024871
2021-12-20,-0.01725172386091037
2021-12-21,0.031672770017758055
2021-12-22,0.006344331788356842
2021-12-23,-0.00022526347316227194
2021-12-27,0.027724404408798725
2021-12-28,-0.0004459494496593848
2021-12-29,-0.00409169080150142
2021-12-30,-0.010083768458465222
2021-12-31,0.002797448285192692
2022-01-03,0.03332622702899995
2022-01-04,0.03304424210424824
2022-01-05,-0.012674778958783306
2022-01-06,0.026988530976053426
2022-01-07,0.011864418249555411
2022-01-10,-0.0034795258984766466
2022-01-11,0.03253739490083874
2022-01-12,0.009988047270501649
2022-01-13,-0.009522868177161359
2022-01-14,0.025496476805693325
2022-01-18,-0.0048994611388608845
2022-01-19,-0.014755943444867919
2022-01-20,-0.020263684210852045
2022-01-21,-0.026259902253681286
2022-01-24,0.0058270450105263145
2022-01-25,0.03349456055936283
2022-01-26,0.0013134136221440902
2022-01-27,0.006975152457682363
2022-01-28,0.004848719001637349
2022-01-31,0.007678741856612353
2022-02-01,0.031444201115580044
2022-02-02,0.010094205283627769
2022-02-03,-0.007936660345537869
2022-02-04,0.012512961508705275
2022-02-07,0.002812731666470128
2022-02-08,-0.021636355739747107
2022-02-09,0.011553102897716846
2022-02-10,-0.0045397010595428595
2022-02-11,0.032754281246549784
2022-02-14,-0.023905220112722145
2022-02-15,-0.011902566332433811
2022-02-16,0.0009517092452232395
2022-02-17,-0.0034816817250562606
2022-02-18,-0.010329328540008486
2022-02-22,-0.0190982865755305
2022-02-23,0.004468618986299837
2022-02-24,0.0006367587063753483
2022-02-25,0.02116653289986749
2022-02-28,0.0382809302668421
2022-03-01,0.013679806960840818
2022-03-02,0.025454203629520073
2022-03-03,-0.003941624827783157
2022-03-04,0.032429498866635605
2022-03-07,-0.004902539970491389
2022-03-08,0.005173910775524607
2022-03-09,-0.015451697317103899
2022-03-10,0.024655773518076362
2022-03-11,-0.013814135806742322
2022-03-14,-0.03188022845369536
2022-03-15,-0.014589604955988184
2022-03-16,0.0015963564747394448
2022-03-17,0.037584101361051024
2022-03-18,0.004799125014865226
2022-03-21,0.03201363008255977
2022-03-22,-0.007104557843985911
2022-03-23,0.01719456048964961
2022-03-24,0.01092062299250332
2022-03-25,0.03593157828722077
2022-03-28,-0.021718521191042648
2022-03-29,-0.00048193459728592775
2022-03-30,0.014169892316522173
2022-03-31,-0.010099675775503488
2022-04-01,0.013897925442539547
2022-04-04,0.0012238780590550964
2022-04-05,-0.018314419439740905
2022-04-06,0.0022590160011041103
2022-04-07,0.00933000808745744
2022-04-08,0.024175868682531198
2022-04-11,-0.02439692938190663
2022-04-12,0.01303115488557007
2022-04-13,0.01716615032762867
2022-04-14,0.0020973504980229124
2022-04-18,0.019839891430750174
2022-04-19,-0.006155112083900423
2022-04-20,0.013177749752067943
2022-04-21,-0.02978933363756771
2022-04-22,-0.031959030152035446
2022-04-25,-0.028492681901074804
2022-04-26,0.00237235013690403
2022-04-27,0.013424678025155692
2022-04-28,0.02968462760358905
2022-04-29,-0.024082604223887822
2022-05-02,0.008498424134090132
2022-05-03,0.0406167071028676
2022-05-04,0.04328177584106257
2022-05-05,-0.02131680885254741
2022-05-06,0.02325131111868053
2022-05-09,-0.08254018423414224
2022-05-10,0.003638280095445997
2022-05-11,0.00794447155119215
2022-05-12,-0.0017335377407138076
2022-05-13,0.036983029193276236
2022-05-16,0.022060344103391822
2022-05-17,0.018536966915628783
2022-05-18,-0.029399872284295758
2022-05-19,-0.0048236415390203275
2022-05-20,0.0066779088635262425
2022-05-23,0.026888202729767923
2022-05-24,0.0010776800246147984
2022-05-25,0.027076946764807503
2022-05-26,0.013557682490291522
2022-05-27,0.023976990230538276
2022-05-31,-0.012784727387184136
2022-06-01,0.023732656417512155
2022-06-02,0.0006431664352927793
2022-06-03,0.007915863524312533
2022-06-06,0.00688383377520591
2022-06-07,0.031406149863285604
2022-06-08,-0.007468832670406271
2022-06-09,-0.019357654853734377
2022-06-10,-0.01766683967929071
2022-06-13,-0.05530295215551235
2022-06-14,-0.007601464760625537
2022-06-15,-0.017443868463307092
2022-06-16,-0.06006646863489184
2022-06-17,-0.05423394562075098
2022-06-21,0.049495847838935784
2022-06-22,-0.047266878497035536
2022-06-23,-0.03598680549402967
2022-06-24,0.01671687166435068
2022-06-27,0.035061800071257414
2022-06-28,0.027346142194327284
2022-06-29,-0.036525963818158605
2022-06-30,-0.023662050830305748
2022-07-01,0.012344125449907853
2022-07-05,-0.04339436527894843
2022-07-06,-0.019405985838158238
2022-07-07,0.049631393712564975
2022-07-08,0.0009999802519772467
2022-07-11,-0.009966601621430371
2022-07-12,-0.019901380568950664
2022-07-13,0.003924161496209976
2022-07-14,-0.016915626896705473
2022-07-15,0.022223810169451092
2022-07-18,0.024885000618724656
2022-07-19,0.03438088985237153
2022-07-20,0.01665971451202343
2022-07-21,-0.016182099940762307
2022-07-22,-0.013563478468837589
2022-07-25,0.04240407361138753
2022-07-26,-0.003947114100372522
2022-07-27,0.02605582080226322
2022-07-28,0.0010909274606701325
2022-07-29,0.027830620699132336
2022-08-01,-0.016648391394915456
2022-08-02,-0.0009047436343873108
2022-08-03,-0.02278178503817013
2022-08-04,-0.03326426971307673
2022-08-05,0.020657337566284493
2022-08-08,0.00653269761961577
2022-08-09,0.020518160422862548
2022-08-10,0.011415504212227904
2022-08-11,0.03689516857803921
2022-08-12,0.007932818788679616
2022-08-15,-0.018370539285272266
2022-08-16,0.004919536901465081
2022-08-17,0.00595433198433747
2022-08-18,0.032481472610057016
2022-08-19,-0.0038843437310005593
2022-08-22,-0.0005501987262032613
2022-08-23,0.028010378592372653
2022-08-24,0.01533889841417077
2022-08-25,0.005300910048490083
2022-08-26,-0.01200050560406534
2022-08-29,0.01397834934053925
2022-08-30,-0.03811200861533665
2022-08-31,-0.0027697956242860497
2022-09-01,-0.02559801863795314
2022-09-02,0.020893068078970418
2022-09-06,-0.018077263394000162
2022-09-07,-0.01057039048232429
2022-09-08,0.006888173484289745
2022-09-09,0.02520507482262287
2022-09-12,0.019299236278537496
2022-09-13,-0.025537228925839015
2022-09-14,0.0338888732153673
2022-09-15,-0.02471477831833692
2022-09-16,-0.026778808362682645
2022-09-19,0.005308597752115803
2022-09-20,-0.004004539202127695
2022-09-21,-0.017369970084370658
2022-09-22,-0.011312025927207167
2022-09-23,-0.0722402644818412
2022-09-26,-0.03296416849569849
2022-09-27,0.018308296027282706
2022-09-28,0.056364309060372986
2022-09-29,-0.006059933603191532
2022-09-30,-0.002067619768142575
2022-10-03,0.050255902054048035
2022-10-04,0.04370704590261803
2022-10-05,0.0117125739446575
2022-10-06,0.0063147162372145975
2022-10-07,-0.008357935865270208
2022-10-10,-0.020097486329700372
2022-10-11,-0.004879772987765328
2022-10-12,0.009050348821423679
2022-10-13,0.038000497641649554
2022-10-14,-0.04004026166976459
2022-10-17,0.014311142249883732
2022-10-18,0.009959811135652813
2022-10-19,0.021779697258830822
2022-10-20,-0.0076676967664525185
2022-10-21,0.016985882542545155
2022-10-24,-0.002672445225035842
2022-10-25,0.00504491503153597
2022-10-26,0.01314291723439659
2022-10-27,0.0031868260523345154
2022-10-28,0.0004544578602360498
2022-10-31,0.011789461909104187
2022-11-01,0.009896632639296049
2022-11-02,-0.025163458958818028
2022-11-03,0.018549342997095385
2022-11-04,0.009318919148600285
2022-11-07,0.01643271165994084
2022-11-08,0.00041123970673533533
2022-11-09,-0.04993522594466332
2022-11-10,0.03347010976445195
2022-11-11,0.021490602933592073
2022-11-14,-0.006016032877365897
2022-11-15,0.016010208154406524
2022-11-16,-0.021211998957566865
2022-11-17,-0.002954760635045739
2022-11-18,-0.0014718000739308613
2022-11-21,-0.013422298753329448
2022-11-22,0.03631345036494824
2022-11-23,-0.010272990023232656
2022-11-25,-0.0012805611953392905
2022-11-28,-0.024769377811231747
2022-11-29,0.017160944080888474
2022-11-30,0.006490839777643938
2022-12-01,-0.008627148685143063
2022-12-02,-0.007390921459402021
2022-12-05,-0.03558155099311273
2022-12-06,-0.026782455393049295
2022-12-07,-0.002743354527362763
2022-12-08,-0.015954520939995515
2022-12-09,-0.017626533782112663
2022-12-12,0.029087930001684376
2022-12-13,0.015087487614316155
2022-12-14,-0.005344475591777397
2022-12-15,-0.0019601019323739477
2022-12-16,-0.015437816507239716
2022-12-19,-0.009831200883208047
2022-12-20,0.008379593366178911
2022-12-21,0.022824506245651494
2022-12-22,-0.025067874304357567
2022-12-23,0.03356738295464213
2022-12-27,0.0075512654915547055
2022-12-28,-0.0318377173166388
2022-12-29,0.014366020680578517
2022-12-30,0.003925956799521416
2023-01-03,-0.039986133032466085
2023-01-04,0.004356583066504563
2023-01-05,0.009335073692085494
2023-01-06,0.018989876045342764
2023-01-09,0.007943997722559035
2023-01-10,0.004383147489749398
2023-01-11,0.002766904283096644
2023-01-12,0.019894936430450583
2023-01-13,0.0020766218173009867
2023-01-17,-0.0018236172670729976
2023-01-18,-0.014857918828508265
2023-01-19,0.017147436203753825
2023-01-20,0.011594476438980372
2023-01-23,0.008649721733119356
2023-01-24,-0.006987050325457905
2023-01-25,-0.0020371681505238306
2023-01-26,0.02438413821706295
2023-01-27,-0.00798976896225032
2023-01-30,-0.02535920194032037
2023-01-31,0.009077561178575194
2023-02-01,-0.018643851439968592
2023-02-02,-0.010170238757478328
2023-02-03,-0.006101792908372271
2023-02-06,-0.010776159606969269
2023-02-07,0.029100013383833973
2023-02-08,-0.008118843378821882
2023-02-09,-0.010399339835178248
2023-02-10,0.03989017326396372
2023-02-13,-0.004708179550530466
2023-02-14,0.006626463265818468
2023-02-15,-0.016002124606113804
2023-02-16,-0.010007573029705901
2023-02-17,-0.03310168980045656
2023-02-21,-0.0068667929472866485
2023-02-22,0.0026888432817341787
2023-02-23,0.025018925261286528
2023-02-24,-0.0010039395850460486
2023-02-27,0.0009575314957045536
2023-02-28,-0.01738196649814704
2023-03-01,0.022718591652565654
2023-03-02,0.011388401545309929
2023-03-03,0.014674180576158288
2023-03-06,-0.008952038700737122
2023-03-07,-0.014754423049899726
2023-03-08,-0.01072958743592895
2023-03-09,-0.015542094670331125
2023-03-10,-0.015542252263251172
2023-03-13,-0.02353282498411445
2023-03-14,0.008530043238969534
2023-03-15,-0.053064394091544016
2023-03-16,0.021033414247284086
2023-03-17,-0.01625277097078852
2023-03-20,0.016290649924173454
2023-03-21,0.028293630867648235
2023-03-22,-0.02060924499677275
2023-03-23,-0.012185478834744098
2023-03-24,0.006699267118254619
2023-03-27,0.020418510505309215
2023-03-28,0.013950828779786678
2023-03-29,0.01213779705448148
2023-03-30,0.0025276559142033694
2023-03-31,0.010460748235036158
2023-04-03,0.03772013536648878
2023-04-04,-0.021109591116314302
2023-04-05,0.016011632829712494
2023-04-06,-0.011737705748067808
2023-04-10,0.012310309394123906
2023-04-11,0.008793198208569575
2023-04-12,-0.004046841703742944
2023-04-13,0.005843105982266644
2023-04-14,0.0029048800794643642
2023-04-17,-0.013383847491445278
2023-04-18,0.0003898818814185301
2023-04-19,-0.007154624084006402
2023-04-20,-0.009209751468627361
2023-04-21,-0.005444358808933565
2023-04-24,0.013373892215725375
2023-04-25,-0.022759846777652082
2023-04-26,-0.012253535713649247
2023-04-27,0.007426058695275022
2023-04-28,0.017098181013232887
2023-05-01,-0.0037535030041485943
2023-05-02,-0.03860430166019514
2023-05-03,-0.017617748780524314
2023-05-04,-0.014019773851426406
2023-05-05,0.02918825040494538
2023-05-08,-0.001268116111402905
2023-05-09,-0.00020375419417801208
2023-05-10,-0.005573273641225451
2023-05-11,-0.007448983207160771
2023-05-12,0.004438438643387531
2023-05-15,0.008259514069864466
2023-05-16,-0.025817239312356202
2023-05-17,0.01838777158051359
2023-05-18,0.01235354635164255
2023-05-19,0.0049155464234252365
2023-05-22,0.005765999221813048
2023-05-23,0.0050282592284425776
2023-05-24,0.0031819973166796606
2023-05-25,-0.018911112652155476
2023-05-26,-0.002901210214326308
2023-05-30,-0.014598755429797064
2023-05-31,-0.014274944217797384
2023-06-01,0.009116164068150967
2023-06-02,0.03463954427635035
2023-06-05,-0.006090461004432363
2023-06-06,0.00961936969741902
2023-06-07,0.028554224506600636
2023-06-08,-0.0032876028364222515
2023-06-09,-0.008151975748600243
2023-06-12,-0.008545108642753754
2023-06-13,0.00582709476404313
2023-06-14,-0.008445188114327146
2023-06-15,0.014400911128089236
2023-06-16,0.0020518526288320856
2023-06-20,-0.02141208213851549
2023-06-21,0.007430770055799378
2023-06-22,-0.016787202996556158
2023-06-23,-0.007474117041681609
2023-06-26,0.01445952956471166
2023-06-27,0.00654241012913125
2023-06-28,0.0102864585273688
2023-06-29,0.015365534089240166
2023-06-30,0.005487051966710681
2023-07-03,0.0030360195491779818
2023-07-05,-0.002785308623066774
2023-07-06,-0.01844295966956913
2023-07-07,0.0197986977533911
2023-07-10,0.004623740970977753
2023-07-11,0.023167490553482422
2023-07-12,0.004833035305746557
2023-07-13,0.003733660717484169
2023-07-14,-0.027043212749271697
2023-07-17,0.0008893647383956862
2023-07-18,0.02090765462260294
2023-07-19,0.0058230500569591
2023-07-20,0.010160705339171386
2023-07-21,0.006003170906341689
2023-07-24,0.01356522135134076
2023-07-25,0.004770991127529402
2023-07-26,0.004457357103512162
2023-07-27,-0.00670029466935614
2023-07-28,0.012674208941932516
2023-07-31,0.011315264241829682
2023-08-01,-0.002105335958939955
2023-08-02,-0.015958485949268252
2023-08-03,0.01532653247305682
2023-08-04,0.0037584422444162796
2023-08-07,0.005131871778004171
2023-08-08,0.006261776090939091
2023-08-09,0.012140868210723915
2023-08-10,-0.0032570410009771186
2023-08-11,0.013655315110037605
2023-08-14,-0.007745928399395187
2023-08-15,-0.016733104972129712
2023-08-16,-0.004480644255383946
2023-08-17,0.010079562412680357
2023-08-18,0.009171462456199328
2023-08-21,-0.0014651386155108785
2023-08-22,-0.007559733997023301
2023-08-23,-0.005857206303856374
2023-08-24,-0.006480795219979736
2023-08-25,0.010675789713183656
2023-08-28,0.0034763958271266707
2023-08-29,0.0038707303576773766
2023-08-30,0.0032013517514940804
2023-08-31,-0.0008497088811568557
2023-09-01,0.019434772839337405
2023-09-05,-0.00003993358900948596
2023-09-06,-0.008927021817655917
2023-09-07,0.0007467511612855443
2023-09-08,0.01239069954150824
2023-09-11,-0.013992407745038507
2023-09-12,0.02172126873252329
2023-09-13,-0.006892641209202285
2023-09-14,0.00891253328033847
2023-09-15,-0.013266524643200559
2023-09-18,0.005118921614650408
2023-09-19,-0.009367720456703218
2023-09-20,-0.009368433087378511
2023-09-21,-0.013428540774822176
2023-09-22,0.00046190700637186816
2023-09-25,0.013819393091561577
2023-09-26,-0.009576885934846993
2023-09-27,0.02097174738376223
2023-09-28,0.007227344799882106
2023-09-29,-0.017532229647302177
2023-10-02,-0.024446149442060344
2023-10-03,-0.00589895168312798
2023-10-04,-0.029775456785839486
2023-10-05,0.0013716688025828215
2023-10-06,0.010280643154254476
2023-10-09,0.03365915470299067
2023-10-10,0.0052653556064442735
2023-10-11,-0.001672025552458628
2023-10-12,0.00004621256528156148
2023-10-13,0.01804269103063759
2023-10-16,0.009182048237965854
2023-10-17,0.005937066449471807
2023-10-18,0.007491208575900923
2023-10-19,-0.002384223329975732
2023-10-20,-0.014753573474072074
2023-10-23,-0.012274576868744488
2023-10-24,-0.007927693965610277
2023-10-25,-0.002255019640566208
2023-10-26,-0.0055396908084800285
2023-10-27,-0.013633932126222012
2023-10-30,-0.001757227751588079
2023-10-31,0.008658158745405339
2023-11-01,0.0004666778292683656
2023-11-02,0.029852230339011254
2023-11-03,-0.0063054312823396285
2023-11-06,-0.014490332385478385
2023-11-07,-0.022000740221750234
2023-11-08,-0.016323444284406217
2023-11-09,-0.005917656305393583
2023-11-10,0.01234424441256303
2023-11-13,0.004828155009526412
2023-11-14,0.011383492029368947
2023-11-15,0.0017704452464870023
2023-11-16,-0.020826261770645216
2023-11-17,0.019503452772622346
2023-11-20,0.002934943328438281
2023-11-21,-0.0009044332985499401
2023-11-22,0.0020992128733365637
2023-11-24,0.00404692580681668
2023-11-27,-0.005836733702185575
2023-11-28,-0.0014201131727201537
2023-11-29,-0.0007067888605158437
2023-11-30,0.009518197237866968
2023-12-01,0.005928526227465365
2023-12-04,-0.007912552936348141
2023-12-05,-0.016375434695825763
2023-12-06,-0.018103219985053192
2023-12-07,-0.004019447123663843
2023-12-08,0.011117851792016123
2023-12-11,-0.002406136186326069
2023-12-12,-0.01714337561862499
2023-12-13,0.017252064880834955
2023-12-14,0.027628091102227803
2023-12-15,-0.006801362004058352
2023-12-18,0.010183603069440703
2023-12-19,0.009384100150424832
2023-12-20,-0.008898651591996548
2023-12-21,0.006088310744789827
2023-12-22,0.0013898735079491964
2023-12-26,0.010685987696469001
2023-12-27,-0.0038378517690098777
2023-12-28,-0.01202820003114533
2023-12-29,-0.0029514443107375395
2024-01-02,0.007637205273728048
2024-01-03,0.013134515697350255
2024-01-04,-0.020368275705871516
2024-01-05,0.00040911232037982304
2024-01-08,-0.005977993564645868
2024-01-09,-0.008982297163537037
2024-01-10,-0.008709664320824003
2024-01-11,-0.000708927857832567
2024-01-12,0.011012653603115
2024-01-16,-0.0216584577236535
2024-01-17,-0.010853847546553963
2024-01-18,-0.0005352475757467723
2024-01-19,0.0009038370216356839
2024-01-22,0.00527549632400541
2024-01-23,0.00012942249915298223
2024-01-24,0.009891087169866877
2024-01-25,0.017856563978420795
2024-01-26,0.008222754246417288
2024-01-29,-0.001412678641807034
2024-01-30,0.013758854173937013
2024-01-31,-0.020457430757630107
2024-02-01,-0.0014586842575840208
2024-02-02,-0.007097023083673576
2024-02-05,-0.004233039141203039
2024-02-06,0.0015671057137422496
2024-02-07,0.004451333844758126
2024-02-08,0.006512951919883682
2024-02-09,-0.0066050016525616055
2024-02-12,0.011898012002238709
2024-02-13,-0.010931353984200328
2024-02-14,-0.002188312791177561
2024-02-15,0.028621508677195224
2024-02-16,0.00366238457792493
2024-02-20,-0.00947740720554604
2024-02-21,0.02392468773023476
2024-02-22,-0.0018063710846211954
2024-02-23,-0.00417774317120595
2024-02-26,9.895287273367637e-6
2024-02-27,0.0027601431934706024
2024-02-28,-0.004730989545825491
2024-02-29,0.009862959768474969
2024-03-01,0.012300876420394022
2024-03-04,-0.005090140953826182
2024-03-05,0.0061999990910557535
2024-03-06,0.0031433769180997475
2024-03-07,0.006143853051091834
2024-03-08,0.001587614960590585
2024-03-11,0.0050854352117638835
2024-03-12,0.0018042025989593268
2024-03-13,0.015612387898734753
2024-03-14,0.0006036727403859002
2024-03-15,0.005997756065111992
2024-03-18,0.005499154909379009
2024-03-19,0.011112256322559402
2024-03-20,0.005966014729902357
2024-03-21,0.004205553199116585
2024-03-22,-0.004389651305423607
2024-03-25,0.006856052195440526
2024-03-26,-0.00897503223926171
2024-03-27,0.010128290013654844
2024-03-28,0.012516426770827935
2024-04-01,0.0059750976758740455
2024-04-02,0.010367113575553763
2024-04-03,0.011418475072776435
2024-04-04,-0.0034901367809827464
2024-04-05,0.009124037197391882
2024-04-08,-0.0044288813821622185
2024-04-09,-0.001529380679338092
2024-04-10,-0.000028603775246572687
2024-04-11,-0.0027241109374147913
2024-04-12,-0.012204265713395177
2024-04-15,-0.012144671371988302
2024-04-16,-0.008273720866819573
2024-04-17,-0.0032682892116213716
2024-04-18,-0.001775002204266259
2024-04-19,0.013057027082438832
2024-04-22,0.006123406971963776
2024-04-23,0.004736122654934893
2024-04-24,0.002942149654115716
2024-04-25,0.004170785083423191
2024-04-26,-0.0037730558899549634
2024-04-29,0.006622565006048187
2024-04-30,-0.034848462197100014
2024-05-01,-0.01732321363039226
2024-05-02,0.0076560800965505965
2024-05-03,0.005659567974317686
2024-05-06,0.008558062643412892
2024-05-07,-0.0006458073840792111
2024-05-08,0.0009538214061402308
2024-05-09,0.00899210204639631
2024-05-10,-0.009756218799872018
2024-05-13,-0.003311361730608318
2024-05-14,0.005372752335502884
2024-05-15,0.0013777185508451102
2024-05-16,-0.0032785408033613925
2024-05-17,0.013367950689821934
2024-05-20,-0.00027805344003819604
2024-05-21,-0.003849951946964881
2024-05-22,-0.014722756948686406
2024-05-23,-0.011234008787333147
2024-05-24,0.0008881055731932985
2024-05-28,0.009132908501417339
2024-05-29,-0.018421858497417374
2024-05-30,0.00489659509490926
2024-05-31,0.02161723425476543
2024-06-03,-0.023581661271054957
2024-06-04,-0.006055029170171575
2024-06-05,0.00092659458617352
2024-06-06,0.0038300341846163647
2024-06-07,-0.005407126235411133
2024-06-10,0.010823482079781533
2024-06-11,-0.0005332371547388434
2024-06-12,-0.00879630436028348
2024-06-13,-0.009214693211458944
2024-06-14,-0.009115229208747933
2024-06-17,0.00403235047429711
2024-06-18,0.004657754190609223
2024-06-20,0.013467553270952504
2024-06-21,-0.006693251293995062
2024-06-24,0.024710507305080658
2024-06-25,0.002083654348571264
2024-06-26,-0.008291566005341292
2024-06-27,0.0007409216464272181
2024-06-28,0.005120415857049328
2024-07-01,0.0020952792932456186
