Date,Volatility
7/2/2012,
7/3/2012,
7/5/2012,0.5229474340734815
7/6/2012,0.5341532351587268
7/9/2012,0.5432015052658454
7/10/2012,0.5835939277986556
7/11/2012,0.5713017988913851
7/12/2012,0.5595743993991338
7/13/2012,0.5508617911004562
7/16/2012,0.5408168933583305
7/17/2012,0.5316489811757205
7/18/2012,0.5215423386305938
7/19/2012,0.5117465343009026
7/20/2012,0.6224574147727578
7/23/2012,0.6460111401534617
7/24/2012,0.6462900835553391
7/25/2012,0.677052909094284
7/26/2012,0.6828471193203853
7/27/2012,0.6690481163157944
7/30/2012,0.6544135937551476
7/31/2012,0.6552294646324343
8/1/2012,0.6504402054798955
8/2/2012,0.6369257923774
8/3/2012,0.6412558093505175
8/6/2012,0.6967172135269701
8/7/2012,0.6822134255073573
8/8/2012,0.6703553308821917
8/9/2012,0.6574035388448952
8/10/2012,0.6458578718025193
8/13/2012,0.6315989807530803
8/14/2012,0.6337674615168998
8/15/2012,0.6212246766037455
8/16/2012,0.6123334624550258
8/17/2012,0.5992634131194061
8/20/2012,0.5905435397733274
8/21/2012,0.5779462439589719
8/22/2012,0.5742791662763135
8/23/2012,0.5627404587456182
8/24/2012,0.5601950563123567
8/27/2012,0.5489300782304841
8/28/2012,0.5501861127719764
8/29/2012,0.539732701562662
8/30/2012,0.535901032644449
8/31/2012,0.5274799199762136
9/4/2012,0.5187412177505368
9/5/2012,0.512723344787264
9/6/2012,0.5182816758294886
9/7/2012,0.509519776336272
9/10/2012,0.5342518316273847
9/11/2012,0.5285054578466987
9/12/2012,0.5314433984367346
9/13/2012,0.5250116561332512
9/14/2012,0.5252711548134122
9/17/2012,0.5293481518096492
9/18/2012,0.5211399123710768
9/19/2012,0.525914517387348
9/20/2012,0.5379602278039824
9/21/2012,0.5282728308679682
9/24/2012,0.5182419434525927
9/25/2012,0.5087230859027393
9/26/2012,0.4993912774988893
9/27/2012,0.49355454346923444
9/28/2012,0.4853333113471692
10/1/2012,0.4772238609154404
10/2/2012,0.4743321010698931
10/3/2012,0.46648041846055904
10/4/2012,0.4589954247513449
10/5/2012,0.5474863239626802
10/8/2012,0.5407759686233123
10/9/2012,0.5376242447427827
10/10/2012,0.5279438998849193
10/11/2012,0.548032312725377
10/12/2012,0.5371044987504505
10/15/2012,0.5362118956189318
10/16/2012,0.5444830038622364
10/17/2012,0.5615465705696437
10/18/2012,0.5554241210321031
10/19/2012,0.5480797818390968
10/22/2012,0.546057363674694
10/23/2012,0.5380762035479655
10/24/2012,0.5378506068685627
10/25/2012,0.5293616693365054
10/26/2012,0.5354292954510226
10/31/2012,0.5380909475649313
11/1/2012,0.5278235870938951
11/2/2012,0.6059036733637777
11/5/2012,0.5957888939430069
11/6/2012,0.5835284475025186
11/7/2012,0.5713880513698985
11/8/2012,0.5927087978743373
11/9/2012,0.6200237547581379
11/12/2012,0.7189815043288764
11/13/2012,0.7152323011100247
11/14/2012,0.7014567357341049
11/15/2012,0.6903653611077938
11/16/2012,0.6762918062393309
11/19/2012,0.6673449324444349
11/20/2012,0.6540986645209033
11/21/2012,0.6504197447575207
11/23/2012,0.6363011386075056
11/26/2012,0.6253092703360607
11/27/2012,0.6445646789135693
11/28/2012,0.6324757568007726
11/29/2012,0.6276446338847266
11/30/2012,0.6429561310100987
12/3/2012,0.6315455233874949
12/4/2012,0.617536532875338
12/5/2012,0.606416873135175
12/6/2012,0.5984220945958512
12/7/2012,0.5981115295316631
12/10/2012,0.5857843784526794
12/11/2012,0.5744421515133946
12/12/2012,0.5645420813446399
12/13/2012,0.5566833568110805
12/14/2012,0.5454443127539396
12/17/2012,0.5366423692177287
12/18/2012,0.5287594382313077
12/19/2012,0.5215905042858529
12/20/2012,0.5128716097435347
12/21/2012,0.5058956787115516
12/24/2012,0.5200270653951563
12/26/2012,0.5556874230421335
12/27/2012,0.6345852393686929
12/28/2012,0.6203503740523089
12/31/2012,0.6132457994918983
1/2/2013,0.6058104453153083
1/3/2013,0.595984192439367
1/4/2013,0.5831977031448577
1/7/2013,0.5807893068999248
1/8/2013,0.5773147055724889
1/9/2013,0.5669143467275803
1/10/2013,0.5644503707252747
1/11/2013,0.5537964428770081
1/14/2013,0.5428799403471808
1/15/2013,0.5322107752069852
1/16/2013,0.5373732916783853
1/17/2013,0.5270498024575101
1/18/2013,0.5197006833317568
1/22/2013,0.5107228942290565
1/23/2013,0.5032478009776239
1/24/2013,0.49417813365456065
1/25/2013,0.4860104659096903
1/28/2013,0.4804283706954461
1/29/2013,0.4723169467785861
1/30/2013,0.4982838506958134
1/31/2013,0.4915522829730294
2/1/2013,0.4830502871036514
2/4/2013,0.47511508759066395
2/5/2013,0.48604887881815484
2/6/2013,0.4797831386667622
2/7/2013,0.4732937344881488
2/8/2013,0.46884098579249067
2/11/2013,0.469894177760894
2/12/2013,0.5019080032437845
2/13/2013,0.510462507620132
2/14/2013,0.5067434491729061
2/15/2013,0.5086432372656157
2/19/2013,0.5501878458450472
2/20/2013,0.546577344557788
2/21/2013,0.5951506338841771
2/22/2013,0.5869708330346326
2/25/2013,0.5908213116272854
2/26/2013,0.6314525785551294
2/27/2013,0.6188216712397677
2/28/2013,0.6196099734460789
3/1/2013,0.6089235926049462
3/4/2013,0.6050045637597111
3/5/2013,0.5933521970725543
3/6/2013,0.6001088589303896
3/7/2013,0.5907092854794014
3/8/2013,0.5844437457827518
3/11/2013,0.5723029445499186
3/12/2013,0.5704532767979904
3/13/2013,0.5591356374202089
3/14/2013,0.6028181355618236
3/15/2013,0.610972188611482
3/18/2013,0.5986726380680667
3/19/2013,0.5876720645006673
3/20/2013,0.5753532343885897
3/21/2013,0.5644196273174507
3/22/2013,0.5584874582521986
3/25/2013,0.5617678284114771
3/26/2013,0.5656112038753071
3/27/2013,0.5565704907027914
3/28/2013,0.5465350575183502
4/1/2013,0.5356670659087047
4/2/2013,0.5288057774080238
4/3/2013,0.7055450734732002
4/4/2013,0.734546303480819
4/5/2013,0.716919494017972
4/8/2013,0.7258800115005453
4/9/2013,0.7166457745656376
4/10/2013,0.7006726519565916
4/11/2013,0.7290586651892429
4/12/2013,0.7220286356211002
4/15/2013,0.7056873040993933
4/16/2013,0.7635846888733243
4/17/2013,0.753545304109964
4/18/2013,0.7359915473891827
4/19/2013,0.7359154093789483
4/22/2013,0.7325731797939316
4/23/2013,0.7166882781258826
4/24/2013,0.7000557261950942
4/25/2013,0.6862806657912398
4/26/2013,0.7311255346728772
4/29/2013,0.7159612085915126
4/30/2013,0.6993212670324948
5/1/2013,0.6886868367659479
5/2/2013,0.6916098563795314
5/3/2013,0.6894228236448328
5/6/2013,0.675161785260967
5/7/2013,0.6672632906241954
5/8/2013,0.6537011568764877
5/9/2013,0.6815164317192621
5/10/2013,0.6721623191443342
5/13/2013,0.6600821347366805
5/14/2013,0.6458281924565767
5/15/2013,0.6434838686581288
5/16/2013,0.6362779088829477
5/17/2013,0.6543575309673713
5/20/2013,0.6523048996127788
5/21/2013,0.6768219956812838
5/22/2013,0.6673089892711078
5/23/2013,0.6521050034184526
5/24/2013,0.6372194300555309
5/28/2013,0.6335339715949051
5/29/2013,0.6197351049873244
5/30/2013,0.6200342368701828
5/31/2013,0.6658533765239447
6/3/2013,0.6504377310733304
6/4/2013,0.6493364011779414
6/5/2013,0.6414632287505765
6/6/2013,0.6309508656436381
6/7/2013,0.617044126568453
6/10/2013,0.6101770394165374
6/11/2013,0.6078299621065485
6/12/2013,0.6125711293160375
6/13/2013,0.6025160318207955
6/14/2013,0.5908441333116436
6/17/2013,0.6144217850079132
6/18/2013,0.6028474854057677
6/19/2013,0.5964110971480279
6/20/2013,0.5855462133650993
6/21/2013,0.6032271649538256
6/24/2013,0.5904505975750427
6/25/2013,0.6238221255715083
6/26/2013,0.6253500513810674
6/27/2013,0.6127772865972342
6/28/2013,0.6885614796801912
7/1/2013,0.6762232785099311
7/2/2013,0.6753206790403115
7/3/2013,0.691288941840338
7/5/2013,0.6952389880596028
7/8/2013,0.7273304070896035
7/9/2013,0.7165529027339899
7/10/2013,0.6997255073196686
7/11/2013,0.8172210046975952
7/12/2013,0.8070792919118035
7/15/2013,0.78704438057563
7/16/2013,0.7765086579053548
7/17/2013,0.772171857216536
7/18/2013,0.7537721960607259
7/19/2013,0.7453031340252475
7/22/2013,0.7334187311291543
7/23/2013,0.7188150444048815
7/24/2013,0.702335459821392
7/25/2013,0.7097566164327989
7/26/2013,0.7695540778081877
7/29/2013,0.7504177653427343
7/30/2013,0.7341660075286347
7/31/2013,0.716488854239773
8/1/2013,0.7005570777965406
8/2/2013,0.6983379724804604
8/5/2013,0.7096064910469718
8/6/2013,0.693644476639099
8/7/2013,0.691848377482824
8/8/2013,0.6755259316508421
8/9/2013,0.6704646397696433
8/12/2013,0.7097028217814533
8/13/2013,0.7177857359305277
8/14/2013,0.7195099757073254
8/15/2013,0.702388517965831
8/16/2013,0.688931457206058
8/19/2013,0.6780210308345525
8/20/2013,0.6964822028623265
8/21/2013,0.728606271869178
8/22/2013,0.7135346405245891
8/23/2013,0.7053570609112028
8/26/2013,0.6887969806748958
8/27/2013,0.6743459826797177
8/28/2013,0.66257417253726
8/29/2013,0.6516366869546216
8/30/2013,0.6367689209893648
9/3/2013,0.6251761352051961
9/4/2013,0.6115722848419631
9/5/2013,0.6015312555800979
9/6/2013,0.605328967834549
9/9/2013,0.60690342647121
9/10/2013,0.5966620032185318
9/11/2013,0.5849311096580014
9/12/2013,0.5731813908336739
9/13/2013,0.571163984250453
9/16/2013,0.5625602664393334
9/17/2013,0.5696560407443829
9/18/2013,0.5628924156263052
9/19/2013,0.5525590280002709
9/20/2013,0.5657880722402329
9/23/2013,0.5578465893441357
9/24/2013,0.5495513376944832
9/25/2013,0.5471401933613466
9/26/2013,0.5443623464499846
9/27/2013,0.5338662332402391
9/30/2013,0.5254000091626654
10/1/2013,0.5162364174448761
10/2/2013,0.5108160222178366
10/3/2013,0.5522728490215238
10/4/2013,0.5484271813532972
10/7/2013,0.5418681201400836
10/8/2013,0.5311822129194148
10/9/2013,0.5272767369535216
10/10/2013,0.5220599722721125
10/11/2013,0.5123838148661514
10/14/2013,0.5337821538494901
10/15/2013,0.5266977099053491
10/16/2013,0.5277441823230897
10/17/2013,0.51818182805612
10/18/2013,0.5175649493257672
10/21/2013,0.50917446764852
10/22/2013,0.5149592287533983
10/23/2013,0.5171413481026167
10/24/2013,0.5235111780750942
10/25/2013,0.513768388510302
10/28/2013,0.504270397676866
10/29/2013,0.5311701728056641
10/30/2013,0.5228505648683002
10/31/2013,0.5167302373331291
11/1/2013,0.5120137110920656
11/4/2013,0.5028385333863961
11/5/2013,0.5159265672811287
11/6/2013,0.5076794667176917
11/7/2013,0.6605832860950835
11/8/2013,0.651413014246462
11/11/2013,0.6393450319052398
11/12/2013,0.6253738131789012
11/13/2013,0.6153007202495416
11/14/2013,0.6124364790770797
11/15/2013,0.6152467215413776
11/18/2013,0.602320588101463
11/19/2013,0.5949536286863755
11/20/2013,0.5822258659563159
11/21/2013,0.5766697525800485
11/22/2013,0.5690309429968736
11/25/2013,0.5640878186212929
11/26/2013,0.5532306452750836
11/27/2013,0.5424020735163766
11/29/2013,0.5320596390286451
12/2/2013,0.5419190689458547
12/3/2013,0.5380741483745132
12/4/2013,0.5525769491885814
12/5/2013,0.6429508618684664
12/6/2013,0.6323455216725624
12/9/2013,0.6724813377881146
12/10/2013,0.6585816746250394
12/11/2013,0.6434232699511666
12/12/2013,0.6302820292196647
12/13/2013,0.6227774600753826
12/16/2013,0.610265526877353
12/17/2013,0.598291101186092
12/18/2013,0.5865639749666754
12/19/2013,0.6024443536415863
12/20/2013,0.5941299366909221
12/23/2013,0.5864306061092192
12/24/2013,0.5759691744367789
12/26/2013,0.5640452578188114
12/27/2013,0.5540295239907119
12/30/2013,0.5428850186016613
12/31/2013,0.5321603082911557
1/2/2014,0.533386382149046
1/3/2014,0.5282601323613372
1/6/2014,0.5181696149648212
1/7/2014,0.5194505843818544
1/8/2014,0.5161750717903396
1/9/2014,0.5135939833794572
1/10/2014,0.5047451438561028
1/13/2014,0.5225080597720142
1/14/2014,0.5296047492938789
1/15/2014,0.5195418633178208
1/16/2014,0.6198807771368486
1/17/2014,0.614144310659391
1/21/2014,0.6107475713260976
1/22/2014,0.6072764738951643
1/23/2014,0.5942888534477583
1/24/2014,0.5822751773862134
1/27/2014,0.5717223378233295
1/28/2014,0.5611844705659297
1/29/2014,0.5512313552710264
1/30/2014,0.5454977641966531
1/31/2014,0.6286934158134162
2/3/2014,0.6221770091252344
2/4/2014,0.6093898479377279
2/5/2014,0.5967348531400608
2/6/2014,0.6292817961242382
2/7/2014,0.6153795958539598
2/10/2014,0.6301651043655785
2/11/2014,0.669806919568803
2/12/2014,0.6626764074410927
2/13/2014,0.6474262783962088
2/14/2014,0.6416944376163715
2/18/2014,0.631033801126755
2/19/2014,0.6169435360356919
2/20/2014,0.6034428856239178
2/21/2014,0.5927770404705759
2/24/2014,0.5802550571861645
2/25/2014,0.5718838411022747
2/26/2014,0.5665167712519057
2/27/2014,0.6149130002891539
2/28/2014,0.6842509435948889
3/3/2014,0.6782503755276421
3/4/2014,0.6637578917033705
3/5/2014,0.6520852089366501
3/6/2014,0.6409488398145389
3/7/2014,0.6310969351277856
3/10/2014,0.6358513946140513
3/11/2014,0.6234592167679277
3/12/2014,0.6104743880152617
3/13/2014,0.6141440779313764
3/14/2014,0.6032399751765312
3/17/2014,0.6053137702994279
3/18/2014,0.6006287549858791
3/19/2014,0.61209668221177
3/20/2014,0.6218349900860425
3/21/2014,0.6080887173709004
3/24/2014,0.5949418093748067
3/25/2014,0.5876591414918239
3/26/2014,0.5767532820585046
3/27/2014,0.5727109484999621
3/28/2014,0.5617209915493776
3/31/2014,0.5525418660879273
4/1/2014,0.5626326006533083
4/2/2014,0.5955673545933532
4/3/2014,0.5828083021553545
4/4/2014,0.5724199485114749
4/7/2014,0.5606079954434535
4/8/2014,0.5792526775297111
4/9/2014,0.5690707036317538
4/10/2014,0.5587268551881699
4/11/2014,0.5498718096844184
4/14/2014,0.5437654910762365
4/15/2014,0.533830153921504
4/16/2014,0.533082741949401
4/17/2014,0.5327198588987718
4/21/2014,0.5300956039871985
4/22/2014,0.5218659592327157
4/23/2014,0.5163031562561583
4/24/2014,0.5185968201322034
4/25/2014,0.5089092356838932
4/28/2014,0.49998175422649993
4/29/2014,0.49381530453059197
4/30/2014,0.486635023208982
5/1/2014,0.47829408200811335
5/2/2014,0.4715245497526018
5/5/2014,0.4638641768726358
5/6/2014,0.46067146216190724
5/7/2014,0.47342790460604767
5/8/2014,0.4662027571763179
5/9/2014,0.6431140086866268
5/12/2014,0.6910096812223597
5/13/2014,0.678277339949728
5/14/2014,0.6659423918519127
5/15/2014,0.6529803592536487
5/16/2014,0.641289650642073
5/19/2014,0.6401669267596075
5/20/2014,0.6345875231209197
5/21/2014,0.6248816487862546
5/22/2014,0.6175188626143749
5/23/2014,0.6082039111893411
5/27/2014,0.6256969373514714
5/28/2014,0.624157081578608
5/29/2014,0.6388964300501677
5/30/2014,0.6256163069689971
6/2/2014,0.6161983253559962
6/3/2014,0.6027204893356051
6/4/2014,0.5897219529556309
6/5/2014,0.5810653707469453
6/6/2014,0.5693815890905449
6/9/2014,0.5580269736586481
6/10/2014,0.5771466329722756
6/11/2014,0.5778838516723791
6/12/2014,0.5711487860992808
6/13/2014,0.5656586710080587
6/16/2014,0.5571497634156809
6/17/2014,0.5835839624074254
6/18/2014,0.5718513171047068
6/19/2014,0.5601900073265706
6/20/2014,0.594282359320323
6/23/2014,0.5836424928082994
6/24/2014,0.5860090201563244
6/25/2014,0.7465150560154279
6/26/2014,0.7540279131843135
6/27/2014,0.7404539324574066
6/30/2014,0.7338142631883123
7/1/2014,0.71691617973024
7/2/2014,0.7028267217687166
7/3/2014,0.6862778317099353
7/7/2014,0.676128065686454
7/8/2014,0.6822881163164868
7/9/2014,0.6683800128565757
7/10/2014,0.6647518824122066
7/11/2014,0.6688347324645932
7/14/2014,0.6539496739469444
7/15/2014,0.6398684371165915
7/16/2014,0.6289555943120565
7/17/2014,0.6185094579100622
7/18/2014,0.6904867858002025
7/21/2014,0.6742202883535634
7/22/2014,0.6754405315007661
7/23/2014,0.6631443325482821
7/24/2014,0.6656653867207764
7/25/2014,0.6604979464129308
7/28/2014,0.6526007493444078
7/29/2014,0.6473076231812798
7/30/2014,0.6424531012888945
7/31/2014,0.6430641487660759
8/1/2014,0.6488680075296112
8/4/2014,0.667519678971311
8/5/2014,0.6915240054909166
8/6/2014,0.6952391486992185
8/7/2014,0.684649311951007
8/8/2014,0.6699212415049625
8/11/2014,0.6600371757686146
8/12/2014,0.6456459217822434
8/13/2014,0.6414624255193673
8/14/2014,0.6322277751288908
8/15/2014,0.6225999300442653
8/18/2014,0.6120731609753076
8/19/2014,0.5991483646410908
8/20/2014,0.6121789470373186
8/21/2014,0.609366368958771
8/22/2014,0.5999807846762634
8/25/2014,0.5877842059229508
8/26/2014,0.5879106478051913
8/27/2014,0.5755877649816313
8/28/2014,0.564151629364691
8/29/2014,0.5536974740072949
9/2/2014,0.5427236596149119
9/3/2014,0.5333422090898002
9/4/2014,0.5357847024231567
9/5/2014,0.5718711834131598
9/8/2014,0.5727513367523054
9/9/2014,0.5807425974395732
9/10/2014,0.5701079885266802
9/11/2014,0.5615384383438833
9/12/2014,0.5855859095861794
9/15/2014,0.6422301937684886
9/16/2014,0.6293717862303528
9/17/2014,0.6153830304398822
9/18/2014,0.6056719356404741
9/19/2014,0.6128409141679849
9/22/2014,0.6008041607115092
9/23/2014,0.6443216933713412
9/24/2014,0.6305057104968834
9/25/2014,0.6363169966359634
9/26/2014,0.6219962916110342
9/29/2014,0.6086088976176034
9/30/2014,0.5970260591701536
10/1/2014,0.5844007140843201
10/2/2014,0.5894652115276541
10/3/2014,0.5971873114330368
10/6/2014,0.6448447109545734
10/7/2014,0.6535738450026719
10/8/2014,0.640495749851262
10/9/2014,0.6263713934896147
10/10/2014,0.8940034525284126
10/13/2014,0.895029096391674
10/14/2014,1.2753341345754439
10/15/2014,1.2397324955898308
10/16/2014,1.300249816956556
10/17/2014,1.3486662633139135
10/20/2014,1.328493012133337
10/21/2014,1.2913439510578184
10/22/2014,1.2763324621495464
10/23/2014,1.2729948959911113
10/24/2014,1.2373645477149093
10/27/2014,1.2037711442273282
10/28/2014,1.282477339638537
10/29/2014,1.2670460515666384
10/30/2014,1.2316783010495465
10/31/2014,1.2184020305321073
11/3/2014,1.198001763568488
11/4/2014,1.1709692925066046
11/5/2014,1.2507604233041827
11/6/2014,1.2200860137840348
11/7/2014,1.1939520964308719
11/10/2014,1.1809340652150622
11/11/2014,1.193728623915165
11/12/2014,1.1613579317708265
11/13/2014,1.1300598288141168
11/14/2014,1.131366407993208
11/17/2014,1.1051190771465407
11/18/2014,1.0774689864936582
11/19/2014,1.0516420022175719
11/20/2014,1.0297120770116532
11/21/2014,1.0115084421851297
11/24/2014,0.9842048770153808
11/25/2014,0.9723953516639767
11/26/2014,0.9489206907893017
11/28/2014,0.9484838732457354
12/1/2014,1.4891058252957439
12/2/2014,1.53383415868926
12/3/2014,1.501384218975069
12/4/2014,1.4644031849920713
12/5/2014,1.4605646847061269
12/8/2014,1.5021685573707964
12/9/2014,1.7924390119996407
12/10/2014,1.7513798465046693
12/11/2014,1.7146018556902618
12/12/2014,1.6650515216246191
12/15/2014,1.6285190916962164
12/16/2014,1.5828613018772468
12/17/2014,1.5740829643500016
12/18/2014,1.6574836783924065
12/19/2014,1.6202674478525778
12/22/2014,1.5767188103570082
12/23/2014,1.5352890292437558
12/24/2014,1.4924727008688914
12/26/2014,1.4502372147928035
12/29/2014,1.4119473272618337
12/30/2014,1.38056641517457
12/31/2014,1.3501453453117784
1/2/2015,1.3174571200179168
1/5/2015,1.3033368419128062
1/6/2015,1.3551070380171963
1/7/2015,1.3174886160449555
1/8/2015,1.3400673827419496
1/9/2015,1.3176026721314176
1/12/2015,1.2830144067945053
1/13/2015,1.3077636126582326
1/14/2015,1.2920964280365477
1/15/2015,1.2658979274503606
1/16/2015,1.2502948981411492
1/20/2015,1.218999794224705
1/21/2015,1.195592979260569
1/22/2015,1.1722363226931365
1/23/2015,1.13970070335996
1/26/2015,1.125720042840614
1/27/2015,1.131351330126098
1/28/2015,1.1113033988697458
1/29/2015,1.1544385296610193
1/30/2015,1.139409773443185
2/2/2015,1.1080450989129036
2/3/2015,1.100684830709087
2/4/2015,1.0824862432347824
2/5/2015,1.0759846151189807
2/6/2015,1.05756108366021
2/9/2015,1.028877484047726
2/10/2015,1.0088578700047766
2/11/2015,0.9919493327110173
2/12/2015,0.9653339090423609
2/13/2015,0.9756269377431197
2/17/2015,0.9529865925512617
2/18/2015,0.927649839717921
2/19/2015,0.9230909363974326
2/20/2015,0.9050963834018961
2/23/2015,0.8813175534601608
2/24/2015,0.8593979832961203
2/25/2015,0.8376270525984294
2/26/2015,0.8188884690363238
2/27/2015,0.7980538279772066
3/2/2015,0.820153410157372
3/3/2015,1.0176314085304825
3/4/2015,0.9977040765201782
3/5/2015,1.003750151814751
3/6/2015,0.9769985769969775
3/9/2015,0.9513415076833487
3/10/2015,1.0202109070847658
3/11/2015,1.0076245996601776
3/12/2015,0.9861748202333395
3/13/2015,1.0039588216861068
3/16/2015,0.9987243475221662
3/17/2015,0.9745446676274551
3/18/2015,0.9515600150816015
3/19/2015,0.9646515776073467
3/20/2015,0.9721277593232445
3/23/2015,1.00138341986598
3/24/2015,1.0265991725800299
3/25/2015,1.0001376092613747
3/26/2015,0.9881698503424289
3/27/2015,0.9852546988908003
3/30/2015,0.9617834556457562
3/31/2015,0.9551001367936595
4/1/2015,0.9419234022776753
4/2/2015,0.963258753272484
4/6/2015,0.9398926173499065
4/7/2015,0.9369337208583759
4/8/2015,0.9399941883325265
4/9/2015,0.9241391356232703
4/10/2015,0.9097081638639251
4/13/2015,0.8904877541738903
4/14/2015,0.9333340487031729
4/15/2015,0.9241850246784516
4/16/2015,0.9000006513678309
4/17/2015,0.8798464150125123
4/20/2015,0.8585225909906551
4/21/2015,0.8585062456869015
4/22/2015,0.84099923125485
4/23/2015,0.8215861690692757
4/24/2015,0.8089536331615421
4/27/2015,0.7889340300821015
4/28/2015,0.7695095706949868
4/29/2015,0.75115437135795
4/30/2015,0.7396201636994219
5/1/2015,0.7229189877790132
5/4/2015,0.7067388602030643
5/5/2015,0.7175535573401163
5/6/2015,0.7455591054123742
5/7/2015,0.7518141402393117
5/8/2015,0.733581110065668
5/11/2015,0.7159572657836215
5/12/2015,0.7841844027279598
5/13/2015,0.7668175256271416
5/14/2015,0.7479148171505118
5/15/2015,0.7342420205051011
5/18/2015,0.7203977450416243
5/19/2015,0.7032298743219604
5/20/2015,0.6876577815470243
5/21/2015,0.7208826226244366
5/22/2015,0.7131187702904487
5/26/2015,0.6981461858323985
5/27/2015,0.6820953321757147
5/28/2015,0.6991458801174812
5/29/2015,0.722316149398879
6/1/2015,0.7629392130509014
6/2/2015,0.764744339409036
6/3/2015,0.745980415955956
6/4/2015,0.7417311095846945
6/5/2015,0.7236298475851768
6/8/2015,0.7127351890703613
6/9/2015,0.6962188823954912
6/10/2015,0.7447986252182363
6/11/2015,0.7355872993352464
6/12/2015,0.7177046161918273
6/15/2015,0.7004289015042141
6/16/2015,0.7019295689810137
6/17/2015,0.6863829233951944
6/18/2015,0.6765443994103886
6/19/2015,0.7505168034387032
6/22/2015,0.734087368184963
6/23/2015,0.740424478604889
6/24/2015,0.7223124628012608
6/25/2015,0.7057364516912512
6/26/2015,0.7462069012988073
6/29/2015,0.730753289351831
6/30/2015,0.718074070000398
7/1/2015,0.7015044277411376
7/2/2015,0.7332367134421679
7/6/2015,0.7230245700359258
7/7/2015,0.7186172250998378
7/8/2015,0.7165602587676283
7/9/2015,0.7479344083541164
7/10/2015,0.7303785634232363
7/13/2015,0.751213171385871
7/14/2015,0.7360019981149899
7/15/2015,0.7199650095509861
7/16/2015,0.7887059425008243
7/17/2015,0.7936410184697763
7/20/2015,0.9013066839375874
7/21/2015,1.0833491773129869
7/22/2015,1.0536995400510232
7/23/2015,1.0371506715383882
7/24/2015,1.0200064591055558
7/27/2015,1.0404245386589674
7/28/2015,1.0156917149242992
7/29/2015,1.0101684986382227
7/30/2015,0.9847733403654907
7/31/2015,1.0086579583712454
8/3/2015,0.9863322122515292
8/4/2015,0.9941935120432734
8/5/2015,0.9960638350984348
8/6/2015,1.138216240326696
8/7/2015,1.18312577438849
8/10/2015,1.177669914410967
8/11/2015,1.2468112417656159
8/12/2015,1.2558749646181528
8/13/2015,1.2534972787623948
8/14/2015,1.2628292930416114
8/17/2015,1.2536460733650645
8/18/2015,1.2240340210907017
8/19/2015,1.2166971804575757
8/20/2015,1.2137629902911882
8/21/2015,1.2342204491851863
8/24/2015,1.1997413370051908
8/25/2015,1.1707252577968634
8/26/2015,1.1857179808816771
8/27/2015,1.15553215577758
8/28/2015,1.1239216579327826
8/31/2015,1.1012131572049768
9/1/2015,1.0932283723522271
9/2/2015,1.0731747413629495
9/3/2015,1.0985818532908496
9/4/2015,1.0714588912170804
9/8/2015,1.0432648355098069
9/9/2015,1.0549613638556279
9/10/2015,1.0294147203941333
9/11/2015,1.0721124571944824
9/14/2015,1.1172863941750848
9/15/2015,1.1099017961357542
9/16/2015,1.0794018678096102
9/17/2015,1.0560516355451266
9/18/2015,1.0305262484046478
9/21/2015,1.002702861897597
9/22/2015,1.0663504863374977
9/23/2015,1.0388884596310541
9/24/2015,1.131240492330479
9/25/2015,1.1004024089697544
9/28/2015,1.101793387804069
9/29/2015,1.2273242879754616
9/30/2015,1.3471650993398194
10/1/2015,1.3695990337321793
10/2/2015,1.3643780084168944
10/5/2015,1.4840125122813386
10/6/2015,1.4733152806068361
10/7/2015,1.4441376593949238
10/8/2015,1.4126587339238048
10/9/2015,1.3727863830502594
10/12/2015,1.3555329393764903
10/13/2015,1.3438602870257934
10/14/2015,1.3352000935167663
10/15/2015,1.3131049115764382
10/16/2015,1.2830560750990228
10/19/2015,1.266242467552123
10/20/2015,1.3067013133988306
10/21/2015,1.272482995836364
10/22/2015,1.3433651370495765
10/23/2015,1.3773984545620632
10/26/2015,1.3477393675849987
10/27/2015,1.495091520334275
10/28/2015,1.4873105894187584
10/29/2015,1.4457263428209757
10/30/2015,1.4117963979796309
11/2/2015,1.3879561081765073
11/3/2015,1.3506991578826082
11/4/2015,1.3315232714578353
11/5/2015,1.2945591495356255
11/6/2015,1.259181062005701
11/9/2015,1.2313390833988183
11/10/2015,1.1975367022252714
11/11/2015,1.1657853412459376
11/12/2015,1.312999662980974
11/13/2015,1.2869870244105839
11/16/2015,1.3126730640506408
11/17/2015,1.3230921045886703
11/18/2015,1.3175409868778658
11/19/2015,1.2803659971390728
11/20/2015,1.2862736365926382
11/23/2015,1.4151575376497891
11/24/2015,1.380770704497082
11/25/2015,1.3774088620787996
11/27/2015,1.3600243773379321
11/30/2015,1.3383254440441714
12/1/2015,1.3088055117500514
12/2/2015,1.3106189808206703
12/3/2015,1.3550265047018732
12/4/2015,1.5686382966053902
12/7/2015,1.918026328151821
12/8/2015,2.2546938725758072
12/9/2015,2.2039771550098073
12/10/2015,2.219603243369569
12/11/2015,2.164567388187101
12/14/2015,2.3113158077086813
12/15/2015,2.4119845379957585
12/16/2015,2.3538841427915673
12/17/2015,2.2846835833408896
12/18/2015,2.242108465697282
12/21/2015,2.1856286125246807
12/22/2015,2.1227601188620695
12/23/2015,2.0771013529417055
12/24/2015,2.1648290983121075
12/28/2015,2.1634095440350882
12/29/2015,2.160759496111735
12/30/2015,2.13735757965941
12/31/2015,2.082133678858393
1/4/2016,2.0458441615554213
1/5/2016,2.0110055534784212
1/6/2016,1.9537036032467137
1/7/2016,2.2153647874029594
1/8/2016,2.178209018524288
1/11/2016,2.125134741671036
1/12/2016,2.1934382664570586
1/13/2016,2.213773014525074
1/14/2016,2.3663424543571234
1/15/2016,2.4105279021079133
1/19/2016,2.402542864632237
1/20/2016,2.6451296999299196
1/21/2016,2.581142346212534
1/22/2016,2.51870167782517
1/25/2016,2.507504707653551
1/26/2016,2.5878601414694775
1/27/2016,2.5414220720544587
1/28/2016,2.4767089317851236
1/29/2016,2.430480141793386
2/1/2016,2.3604275789301714
2/2/2016,2.3049965849671628
2/3/2016,2.242361496177043
2/4/2016,2.1778513497293424
2/5/2016,2.1150701340559084
2/8/2016,2.0867067067056824
2/9/2016,2.416532537625272
2/10/2016,2.3594627931487917
2/11/2016,2.304044583562974
2/12/2016,2.2373466604309327
2/16/2016,2.228364612330163
2/17/2016,2.1663684254837765
2/18/2016,2.120897037656079
2/19/2016,2.063395433538938
2/22/2016,2.051257053529401
2/23/2016,2.0020953730842512
2/24/2016,2.308339930979871
2/25/2016,2.3143698103891985
2/26/2016,2.308558408236763
2/29/2016,2.2841991625219316
3/1/2016,2.2220614154496126
3/2/2016,2.390540852619396
3/3/2016,2.3831260159818832
3/4/2016,2.4479603867971216
3/7/2016,2.4002897994702503
3/8/2016,2.3684318643689557
3/9/2016,2.839691959439849
3/10/2016,2.7606694019984213
3/11/2016,2.689115655803115
3/14/2016,2.6121552170770226
3/15/2016,2.5378603390232883
3/16/2016,2.468339775215942
3/17/2016,2.4137966591117834
3/18/2016,2.3601989726799006
3/21/2016,2.290802550934243
3/22/2016,2.254298149694575
3/23/2016,2.199833448792057
3/24/2016,2.2698654716338593
3/28/2016,2.204595529095578
3/29/2016,2.1661648401081304
3/30/2016,2.1058079939372596
3/31/2016,2.044267149437436
4/1/2016,1.9916119463022912
4/4/2016,1.9869224236097565
4/5/2016,1.929038423712794
4/6/2016,1.876759929439518
4/7/2016,1.8225679616230372
4/8/2016,1.7877369923820077
4/11/2016,1.7430306942095355
4/12/2016,1.6984653961142584
4/13/2016,1.7474194922876867
4/14/2016,1.6983022537532129
4/15/2016,1.6513461967816325
4/18/2016,1.6184797161255722
4/19/2016,1.588243666454934
4/20/2016,1.5992487654478251
4/21/2016,1.5576368140040167
4/22/2016,1.512943320478982
4/25/2016,1.5215433014836943
4/26/2016,1.4854934484723608
4/27/2016,1.4469864402040127
4/28/2016,1.4510330558829387
4/29/2016,1.5569062199997998
5/2/2016,1.5136840508132143
5/3/2016,1.498212688251743
5/4/2016,1.5561556487627133
5/5/2016,1.519781280681685
5/6/2016,1.5035358658237636
5/9/2016,1.5135185042155792
5/10/2016,1.5418247546938746
5/11/2016,1.4985799951432748
5/12/2016,1.4721166194385602
5/13/2016,1.4423504216455907
5/16/2016,1.4078605863055698
5/17/2016,1.3691297790660877
5/18/2016,1.3572920934633577
5/19/2016,1.4269378841053693
5/20/2016,1.386955990607184
5/23/2016,1.3495672867297248
5/24/2016,1.3320225051194103
5/25/2016,1.546242276761143
5/26/2016,1.5075264466657181
5/27/2016,1.49591530514369
5/31/2016,1.4533138514614388
6/1/2016,1.4200292819395957
6/2/2016,1.3961571002533955
6/3/2016,1.3577000374838335
6/6/2016,1.3200167873226767
6/7/2016,1.3042685238169633
6/8/2016,1.2950973311276632
6/9/2016,1.29646378134985
6/10/2016,1.2600146402534367
6/13/2016,1.3481680293164409
6/14/2016,1.3223058466559738
6/15/2016,1.2863613599043526
6/16/2016,1.2529636982175223
6/17/2016,1.222153783844281
6/20/2016,1.1975988778717022
6/21/2016,1.1720341163452852
6/22/2016,1.1744788872534675
6/23/2016,1.166016405446144
6/24/2016,1.1356767866054365
6/27/2016,1.1069339713784525
6/28/2016,1.2057713703201594
6/29/2016,1.1938766015759226
6/30/2016,1.1730209622364032
7/1/2016,1.1408096381199304
7/5/2016,1.1093002858286627
7/6/2016,1.0800850374241746
7/7/2016,1.0835353753080135
7/8/2016,1.0577740295379456
7/11/2016,1.0292649672861958
7/12/2016,1.0024475277368787
7/13/2016,1.033637933096995
7/14/2016,1.04615255585174
7/15/2016,1.0405431650341634
7/18/2016,1.0824306418684966
7/19/2016,1.0613586126569394
7/20/2016,1.047592793773042
7/21/2016,1.0354980773266362
7/22/2016,1.0134636917145254
7/25/2016,0.9866290894068085
7/26/2016,1.0267056954300668
7/27/2016,1.0302432655907732
7/28/2016,1.0485255987983095
7/29/2016,1.0201604595020124
8/1/2016,1.0046629640037312
8/2/2016,1.2336294953074285
8/3/2016,1.230746473754597
8/4/2016,1.238522839972745
8/5/2016,1.2477306354440438
8/8/2016,1.2192580680928033
8/9/2016,1.202853152281103
8/10/2016,1.217809023853833
8/11/2016,1.1838097929345082
8/12/2016,1.152173137578813
8/15/2016,1.1212992927664072
8/16/2016,1.0905151060732872
8/17/2016,1.0611072201279264
8/18/2016,1.0734861373148112
8/19/2016,1.0442242733016551
8/22/2016,1.0365123940469523
8/23/2016,1.0228988943295452
8/24/2016,0.9952120161782569
8/25/2016,0.9695048351719322
8/26/2016,0.9784344324273087
8/29/2016,0.9526376258096413
8/30/2016,0.9313993222168397
8/31/2016,0.9305874370832209
9/1/2016,0.9079564158651674
9/2/2016,0.8909255528202807
9/6/2016,0.8676238807135724
9/7/2016,0.8572363694890526
9/8/2016,0.8440789402701354
9/9/2016,0.8881299656217616
9/12/2016,0.8655237770041562
9/13/2016,0.8913795843091695
9/14/2016,0.9318832510845639
9/15/2016,0.9163949555972245
9/16/2016,0.8935891196929285
9/19/2016,0.8741139634508399
9/20/2016,0.8521433269260007
9/21/2016,0.923459554332489
9/22/2016,0.8995931120036589
9/23/2016,0.9255258907351293
9/26/2016,0.9014546215511894
9/27/2016,0.9408525021130679
9/28/2016,0.9310729763694992
9/29/2016,0.9889211453440186
9/30/2016,0.9623535905932074
10/3/2016,0.9380342712632715
10/4/2016,0.9149551573966572
10/5/2016,0.9190916521351438
10/6/2016,0.9014521876767799
10/7/2016,0.8944735378572771
10/10/2016,0.8906187121142379
10/11/2016,0.8843295653485523
10/12/2016,0.8881809574613021
10/13/2016,0.8658281359456049
10/14/2016,0.8815522599197151
10/17/2016,0.8634762774830284
10/18/2016,0.8419894705361606
10/19/2016,0.82043532008539
10/20/2016,0.804275483071825
10/21/2016,0.7991940180422733
10/24/2016,0.7984550679478801
10/25/2016,0.780241142558264
10/26/2016,0.7702841700620287
10/27/2016,0.7654670970122801
10/28/2016,0.7648907297872309
10/31/2016,0.7459165437455985
11/1/2016,0.7278474637262036
11/2/2016,0.7112718604419064
11/3/2016,0.694961790758712
11/4/2016,0.6785297846090239
11/7/2016,0.6644450269860644
11/8/2016,0.6652256023843335
11/9/2016,0.6534605222479366
11/10/2016,0.812012186039841
11/11/2016,0.7965613397833485
11/14/2016,0.7783373864480865
11/15/2016,0.8398512486928127
11/16/2016,0.8208609672402648
11/17/2016,0.8181339692268299
11/18/2016,0.8410686223293635
11/21/2016,0.8395474249678535
11/22/2016,0.8616387006157863
11/23/2016,0.8591368293230643
11/25/2016,0.8405591053672694
11/28/2016,0.8192653924613861
11/29/2016,1.0429328720480322
11/30/2016,1.0226939349486126
12/1/2016,1.1063950099923545
12/2/2016,1.0770812513261068
12/5/2016,1.0540279229689695
12/6/2016,1.0871894447834118
12/7/2016,1.060291618080958
12/8/2016,1.0376744858487048
12/9/2016,1.0152279581187946
12/12/2016,1.026434508435717
12/13/2016,1.0005822874097372
12/14/2016,0.9739979416373105
12/15/2016,0.9485783834249618
12/16/2016,0.9267265925797585
12/19/2016,0.9066953852678776
12/20/2016,0.885470813824975
12/21/2016,0.8663331304565289
12/22/2016,0.8460461453688944
12/23/2016,0.8249152609787832
12/27/2016,1.0581946037011867
12/28/2016,1.047985188260759
12/29/2016,1.0401718257543702
12/30/2016,1.0172456897779063
1/3/2017,0.9916553388257722
1/4/2017,0.9899625337818335
1/5/2017,0.9814507279834673
1/6/2017,0.9610698580880025
1/9/2017,0.9374575996137502
1/10/2017,0.9153607870479256
1/11/2017,0.9056661348703953
1/12/2017,0.881918227990811
1/13/2017,0.8832379773126395
1/17/2017,0.8625358904363362
1/18/2017,0.9649180078767647
1/19/2017,0.9451596789424146
1/20/2017,0.9200444115338731
1/23/2017,0.8958362794998238
1/24/2017,0.8787010272878238
1/25/2017,0.8684518594958222
1/26/2017,0.8459444796877899
1/27/2017,0.8315413403199654
1/30/2017,0.8909852120687766
1/31/2017,0.9343949482160678
2/1/2017,0.9096397733719311
2/2/2017,0.9906529487084883
2/3/2017,0.9795628092502792
2/6/2017,0.9533257099130267
2/7/2017,0.9293589958873997
2/8/2017,0.9552387727576299
2/9/2017,0.9299516489650277
2/10/2017,0.9061539377574017
2/13/2017,0.883768778960294
2/14/2017,0.8721393617597227
2/15/2017,0.8512234143433797
2/16/2017,0.8458171285481757
2/17/2017,0.985727768812983
2/21/2017,0.9823654621964181
2/22/2017,0.9616221532666873
2/23/2017,1.0654523101245532
2/24/2017,1.0504563328486882
2/27/2017,1.0485681221309988
2/28/2017,1.026964438766663
3/1/2017,0.9992828308035618
3/2/2017,0.9871134234326031
3/3/2017,0.9625969461219516
3/6/2017,0.9423722887246463
3/7/2017,0.9179175500577276
3/8/2017,0.9181845038542004
3/9/2017,0.9779561637260211
3/10/2017,0.9521171053515037
3/13/2017,0.9282416643011784
3/14/2017,0.9414583478408998
3/15/2017,0.9766437745122563
3/16/2017,0.9602663316715959
3/17/2017,0.94903520595623
3/20/2017,0.9512939285485967
3/21/2017,0.9530273579054485
3/22/2017,0.9298422508767118
3/23/2017,0.9618104426043196
3/24/2017,0.9403077803864166
3/27/2017,0.9186346855316508
3/28/2017,0.8944276122971775
3/29/2017,0.8784326472383346
3/30/2017,0.8822444058945745
3/31/2017,0.8776253040281919
4/3/2017,0.8586536381275797
4/4/2017,0.842327089932438
4/5/2017,0.8208016198737645
4/6/2017,0.8554879429287348
4/7/2017,0.8356158594710393
4/10/2017,0.8364650511288619
4/11/2017,0.8168809143731227
4/12/2017,0.8027978764949127
4/13/2017,0.7838463728788998
4/17/2017,0.8535226008289856
4/18/2017,0.8332093216401137
4/19/2017,0.818939758328057
4/20/2017,0.8004635047452956
4/21/2017,0.7834002385061822
4/24/2017,0.7648450206927468
4/25/2017,0.7459394939196149
4/26/2017,0.7326563061449635
4/27/2017,0.7214543889917078
4/28/2017,0.8033125642883125
5/1/2017,0.939114691364102
5/2/2017,0.9645943598622533
5/3/2017,0.9394138705095963
5/4/2017,0.9621603757757369
5/5/2017,1.0750734798624186
5/8/2017,1.0812301471230743
5/9/2017,1.072317335397136
5/10/2017,1.066807030154678
5/11/2017,1.0501622555709533
5/12/2017,1.0304551928379129
5/15/2017,1.002587591686627
5/16/2017,0.989165809311285
5/17/2017,0.9780935635830059
5/18/2017,0.9715709909218336
5/19/2017,0.9835159266774716
5/22/2017,0.9650325538478578
5/23/2017,0.9446930170284699
5/24/2017,0.9487449887388761
5/25/2017,0.9384324751902275
5/26/2017,0.9309345536859182
5/30/2017,0.9658570694592646
5/31/2017,1.0685108622819826
6/1/2017,1.0393768582675638
6/2/2017,1.0113790728040233
6/5/2017,1.0167405487954049
6/6/2017,0.9901701754321249
6/7/2017,0.980770540337253
6/8/2017,0.9694762137665074
6/9/2017,0.9436964713930523
6/12/2017,0.9907593493682848
6/13/2017,0.9661285148255806
6/14/2017,0.9408227195422865
6/15/2017,1.0123025983001686
6/16/2017,1.006404155788527
6/19/2017,1.021782092843453
6/20/2017,1.0489864884945834
6/21/2017,1.0772567091933722
6/22/2017,1.1271638784659908
6/23/2017,1.1030767277432372
6/26/2017,1.0862158492599177
6/27/2017,1.0604366220554324
6/28/2017,1.032744923325191
6/29/2017,1.0049101247075003
6/30/2017,0.9975051186018984
7/3/2017,0.9724492288624932
7/5/2017,0.948625073175894
7/6/2017,0.9540046943792292
7/7/2017,0.9614131323991595
7/10/2017,0.9358065093397411
7/11/2017,0.9120571328023367
7/12/2017,0.8881876719660731
7/13/2017,0.8720587775224883
7/14/2017,0.8494150922032667
7/17/2017,0.8275740235506508
7/18/2017,0.8066563742321186
7/19/2017,0.8446211605207647
7/20/2017,0.8299259107034244
7/21/2017,0.8091532151395343
7/24/2017,0.788646918290793
7/25/2017,0.7688433455609563
7/26/2017,0.7501300106474649
7/27/2017,0.7341734159730219
7/28/2017,0.7428465354013972
7/31/2017,0.7576564373093408
8/1/2017,0.7499206753501669
8/2/2017,0.7332692277404044
8/3/2017,0.7284925477549443
8/4/2017,0.793726163775484
8/7/2017,0.7750007639701777
8/8/2017,0.9113943272444729
8/9/2017,0.9381755694665928
8/10/2017,0.9133815190095005
8/11/2017,0.8983790838625365
8/14/2017,0.8756040841995678
8/15/2017,0.8688845608079653
8/16/2017,0.8673735879911026
8/17/2017,0.9008162434705204
8/18/2017,0.8860304883168582
8/21/2017,0.8654073122589048
8/22/2017,0.8436495956529947
8/23/2017,0.8221156185422261
8/24/2017,0.805780002865986
8/25/2017,0.8132052177524618
8/28/2017,0.8065122893497643
8/29/2017,0.787453270890912
8/30/2017,0.7753597419359806
8/31/2017,0.7577849499056294
9/1/2017,0.7391729351323557
9/5/2017,0.7410555795058414
9/6/2017,0.7908232580292254
9/7/2017,0.7722500222695359
9/8/2017,0.7546549180228614
9/11/2017,0.7453644139869147
9/12/2017,0.7642372349419413
9/13/2017,0.745383835071048
9/14/2017,0.729122169861738
9/15/2017,0.7123863671309227
9/18/2017,0.6954264795551778
9/19/2017,0.6790371734690702
9/20/2017,0.6643243795813588
9/21/2017,0.6495555540962528
9/22/2017,0.6586342415429884
9/25/2017,0.6435255588435016
9/26/2017,0.6524743414061788
9/27/2017,0.6385745800822282
9/28/2017,0.6595110612950753
9/29/2017,0.6448649743678845
10/2/2017,0.7125933692713077
10/3/2017,0.7045958825177874
10/4/2017,0.6879507547469231
10/5/2017,0.681081649826688
10/6/2017,0.6666078532733296
10/9/2017,0.652160224874159
10/10/2017,0.637275043499176
10/11/2017,0.7046274354745405
10/12/2017,0.687893664992234
10/13/2017,0.6722938307355575
10/16/2017,0.7180272069361942
10/17/2017,0.7313143020833393
10/18/2017,0.7138533490900938
10/19/2017,0.7657421566562673
10/20/2017,0.7477966619284272
10/23/2017,0.753439994086978
10/24/2017,0.8324802451130214
10/25/2017,0.8202102318156668
10/26/2017,0.9106663947102571
10/27/2017,0.8881578549536489
10/30/2017,0.8696558375463196
10/31/2017,0.8601971222204228
11/1/2017,0.8564463084714204
11/2/2017,0.8872217142645565
11/3/2017,0.8667613656614414
11/6/2017,0.8442769947262935
11/7/2017,0.9062913674677054
11/8/2017,0.8827729387448828
11/9/2017,0.9123819930832361
11/10/2017,0.8897666055446715
11/13/2017,0.8676080913798705
11/14/2017,0.9442761576483606
11/15/2017,0.9506628195064291
11/16/2017,0.9255784091638648
11/17/2017,0.9086154596499263
11/20/2017,0.8848523527155098
11/21/2017,0.8646949645627926
11/22/2017,0.9117881473522532
11/24/2017,0.8881759389873067
11/27/2017,0.9228399808993604
11/28/2017,0.8986186358271933
11/29/2017,0.8837463003422735
11/30/2017,0.8643238748301846
12/1/2017,0.9101613951359656
12/4/2017,0.8903544772869574
12/5/2017,0.8671915198746627
12/6/2017,0.8499525177166294
12/7/2017,0.9919890989601294
12/8/2017,0.9653172459357017
12/11/2017,0.9427792586806519
12/12/2017,0.9218700014057294
12/13/2017,0.8985079405745716
12/14/2017,0.8811308776063741
12/15/2017,0.8581931361491445
12/18/2017,0.9354844691742845
12/19/2017,0.9214882272902597
12/20/2017,0.9127069440344189
12/21/2017,0.9000565598078041
12/22/2017,0.9156557847917601
12/26/2017,0.8936746841257025
12/27/2017,0.8796382148909423
12/28/2017,0.8643201201336487
12/29/2017,0.8428524363236861
1/2/2018,0.8214604710121997
1/3/2018,0.8630290739875374
1/4/2018,0.8410582973427493
1/5/2018,0.8228630378043779
1/8/2018,0.8453319113283246
1/9/2018,0.8248286572278226
1/10/2018,0.8637760323896697
1/11/2018,0.8424344077945644
1/12/2018,0.8674450300243444
1/16/2018,0.8457535608880475
1/17/2018,0.8752618437611704
1/18/2018,0.8581251234394673
1/19/2018,0.8884670897825203
1/22/2018,0.8659140695654096
1/23/2018,0.866619914349109
1/24/2018,0.8518858729307018
1/25/2018,0.8702000099000172
1/26/2018,0.9009786046292219
1/29/2018,0.9702710690326801
1/30/2018,0.9524858080883025
1/31/2018,0.9800502686876651
2/1/2018,0.9554680940561607
2/2/2018,0.9336754836286315
2/5/2018,1.0077019088274044
2/6/2018,0.9851406754997022
2/7/2018,0.9587430221058093
2/8/2018,0.937186718437865
2/9/2018,0.9132420836226648
2/12/2018,0.8894043702932602
2/13/2018,0.9060521463850103
2/14/2018,0.885903844501212
2/15/2018,0.8632513307307063
2/16/2018,0.9182638122366223
2/20/2018,0.9144237438388377
2/21/2018,0.8909532687766902
2/22/2018,0.9636789219858881
2/23/2018,0.9379761163405371
2/26/2018,0.9143526724552401
2/27/2018,0.9293792969804582
2/28/2018,0.905265718146821
3/1/2018,0.9084382841817372
3/2/2018,0.9344249581719852
3/5/2018,0.9124291619351291
3/6/2018,0.8980100673918542
3/7/2018,0.876428375202189
3/8/2018,0.8545269430050307
3/9/2018,0.8331194145477492
3/12/2018,0.8356381581961908
3/13/2018,0.8169425040999624
3/14/2018,0.8082077167247074
3/15/2018,0.790465450426623
3/16/2018,0.9270874586821678
3/19/2018,0.9181566567705557
3/20/2018,0.8984461086966852
3/21/2018,0.9206878581928447
3/22/2018,0.9685845321879829
3/23/2018,0.9448565208195389
3/26/2018,0.9214860067993135
3/27/2018,0.9168534523574055
3/28/2018,0.8948851602048085
3/29/2018,0.8948303515201304
4/2/2018,0.8775064857740958
4/3/2018,0.8653018567177377
4/4/2018,0.8454506450503222
4/5/2018,0.8655154274827587
4/6/2018,0.8596790171482043
4/9/2018,0.8398987353324392
4/10/2018,0.8428752737429299
4/11/2018,0.8353545113497581
4/12/2018,0.8236045294665014
4/13/2018,0.8542972509144048
4/16/2018,0.8437452452006423
4/17/2018,0.8547589986911268
4/18/2018,0.8335803349413696
4/19/2018,0.8174450926915202
4/20/2018,0.7991076077403759
4/23/2018,0.7800010426621892
4/24/2018,0.7673269740488745
4/25/2018,0.7486138831421326
4/26/2018,0.7311448028423799
4/27/2018,0.723289682217967
4/30/2018,0.7748370870382211
5/1/2018,0.7663563749949099
5/2/2018,0.7501130170868189
5/3/2018,0.7761715258739627
5/4/2018,0.7853279908822243
5/7/2018,0.7724488472628452
5/8/2018,0.760202737216723
5/9/2018,0.8040501807720387
5/10/2018,0.7838731947656181
5/11/2018,0.7781892363714801
5/14/2018,0.7589709208931997
5/15/2018,0.7511671097612286
5/16/2018,0.7367205876991101
5/17/2018,0.7187399109775612
5/18/2018,0.782510977685494
5/21/2018,0.7659025206861126
5/22/2018,0.74746492241287
5/23/2018,0.7806106043264626
5/24/2018,0.7616595304053734
5/25/2018,0.7699715805378884
5/29/2018,0.7532683479674717
5/30/2018,0.7727740274038493
5/31/2018,0.790537215033132
6/1/2018,0.7750167019941621
6/4/2018,0.7572811701627986
6/5/2018,0.7769038700243023
6/6/2018,0.7971607557426754
6/7/2018,0.785806561742515
6/8/2018,0.7952539071254761
6/11/2018,0.7906032400103362
6/12/2018,0.7905698838189159
6/13/2018,0.8507659783169328
6/14/2018,0.8288846638181274
6/15/2018,0.8256597577287172
6/18/2018,0.8999860133945748
6/19/2018,0.9020798525386569
6/20/2018,0.8861650214063191
6/21/2018,0.8632448532663327
6/22/2018,0.8843313447948375
6/25/2018,0.8629660335321891
6/26/2018,0.8856390218160511
6/27/2018,0.867579745920761
6/28/2018,0.8507141786231884
6/29/2018,0.8518665292883681
7/2/2018,0.833922659506152
7/3/2018,0.9430074099447588
7/5/2018,0.9366150081716794
7/6/2018,0.9153187022847357
7/9/2018,0.8915288973228689
7/10/2018,0.871852988073153
7/11/2018,0.8493792262081491
7/12/2018,0.8275982525100618
7/13/2018,0.8149214528656838
7/16/2018,0.7952658117378815
7/17/2018,0.7755752629684498
7/18/2018,0.766571636632463
7/19/2018,0.7483832699389327
7/20/2018,0.7399394113705201
7/23/2018,0.76077228632426
7/24/2018,0.7610865786538901
7/25/2018,0.742351759805774
7/26/2018,0.725268741952984
7/27/2018,0.7422334241415559
7/30/2018,0.7405107468405683
7/31/2018,0.7382054344903226
8/1/2018,0.7264195912341384
8/2/2018,0.7088646121061017
8/3/2018,0.7712322465694725
8/6/2018,0.7590466993498555
8/7/2018,0.7402845855637912
8/8/2018,0.7331430739387983
8/9/2018,0.7237693591136691
8/10/2018,0.735333938106819
8/13/2018,0.7225980038430172
8/14/2018,0.7672447185891281
8/15/2018,0.7526199051241244
8/16/2018,0.8455364394047328
8/17/2018,0.8248349653726492
8/20/2018,0.8045823083854577
8/21/2018,0.7898314197204871
8/22/2018,0.7700620912719991
8/23/2018,0.7765836319938473
8/24/2018,0.7584021736270016
8/27/2018,0.7458073582616115
8/28/2018,0.7321385280160865
8/29/2018,0.7351351814976799
8/30/2018,0.722741271379882
8/31/2018,0.7078436579733064
9/4/2018,0.7024108095854456
9/5/2018,0.6902837031706982
9/6/2018,0.6773941134066835
9/7/2018,0.7587953238826697
9/10/2018,0.7467588588571212
9/11/2018,0.7297560658685591
9/12/2018,0.7132103103594483
9/13/2018,0.6961103347024477
9/14/2018,0.6809751608603818
9/17/2018,0.6660575903867715
9/18/2018,0.6508681364142722
9/19/2018,0.6361849421886102
9/20/2018,0.6586046720482682
9/21/2018,0.6499632694510861
9/24/2018,0.6455619611960368
9/25/2018,0.6408725056257751
9/26/2018,0.6325285932060708
9/27/2018,0.6346479685382821
9/28/2018,0.6256250757467889
10/1/2018,0.6287465022869713
10/2/2018,0.6198854900088551
10/3/2018,0.6127500373598687
10/4/2018,0.6152402579982617
10/5/2018,0.6106917732636449
10/8/2018,0.5973461428706804
10/9/2018,0.590904403035597
10/10/2018,0.5876609423333398
10/11/2018,0.5751855587034395
10/12/2018,0.5631841260661475
10/15/2018,0.5686632323909991
10/16/2018,0.563456401542305
10/17/2018,0.5592377817427755
10/18/2018,0.5481337771919171
10/19/2018,0.5617537163963866
10/22/2018,0.6378625270424879
10/23/2018,0.663838259429879
10/24/2018,0.7474661863980585
10/25/2018,0.9521754584389729
10/26/2018,0.9375339587284601
10/29/2018,0.9131540331828666
10/30/2018,0.9694612915657008
10/31/2018,0.9724891785338332
11/1/2018,0.9608052480357886
11/2/2018,0.937435371211856
11/5/2018,0.9605108571129117
11/6/2018,0.9849456237713068
11/7/2018,0.9585388372164818
11/8/2018,0.9346769192725641
11/9/2018,0.979533409817542
11/12/2018,0.9670467326102441
11/13/2018,0.9522837657414573
11/14/2018,0.9269267625958524
11/15/2018,0.9064837272415633
11/16/2018,0.8866793238461039
11/19/2018,0.8659270871161964
11/20/2018,0.849105102294878
11/21/2018,0.8333333191251927
11/23/2018,0.8577717752278373
11/26/2018,0.8368475134721239
11/27/2018,0.8167087124238643
11/28/2018,0.8284770932213562
11/29/2018,0.8090346735179043
11/30/2018,0.7886075174848673
12/3/2018,0.8204021533535062
12/4/2018,0.8002193218750175
12/6/2018,0.7975262834459754
12/7/2018,0.791291411019353
12/10/2018,0.7882532438651078
12/11/2018,0.8297419659528472
12/12/2018,0.8086448395339718
12/13/2018,0.8094479054332476
12/14/2018,0.8043960899690105
12/17/2018,0.79819633994643
12/18/2018,0.7793332827890916
12/19/2018,0.7599158288284573
12/20/2018,0.7429685516316867
12/21/2018,0.7271124691323809
12/24/2018,0.7127796878292478
12/26/2018,0.6957621267955885
12/27/2018,0.6880061192743303
12/28/2018,0.6742073914530623
12/31/2018,0.7952566287104703
1/2/2019,0.775240871329146
1/3/2019,0.811573779408942
1/4/2019,0.8257648922674046
1/7/2019,0.8114828673429834
1/8/2019,0.8014480568913678
1/9/2019,0.7850676644781109
1/10/2019,0.7927522962550297
1/11/2019,0.7757252244965549
1/14/2019,0.7565405655893328
1/15/2019,0.7632394737664338
1/16/2019,0.8217030970861814
1/17/2019,0.8008422912143409
1/18/2019,0.7836362790670968
1/22/2019,0.7660604848108927
1/23/2019,0.7590708704100869
1/24/2019,0.8108935400785462
1/25/2019,0.7904164483564876
1/28/2019,0.7794917571201821
1/29/2019,0.766925823698616
1/30/2019,0.7484046354084886
1/31/2019,0.7394230007002927
2/1/2019,0.7405197235994021
2/4/2019,0.7234579758126624
2/5/2019,0.7087533140334044
2/6/2019,0.695960256590565
2/7/2019,0.7705225851095323
2/8/2019,0.8133919830226952
2/11/2019,0.8155458933207232
2/12/2019,0.8078167085761392
2/13/2019,0.7924193391672769
2/14/2019,0.7925034506753087
2/15/2019,0.778569876814471
2/19/2019,0.7592922636415153
2/20/2019,0.7409539202347099
2/21/2019,0.7470029279583225
2/22/2019,0.8196335584650432
2/25/2019,0.8081427804143511
2/26/2019,0.7949154252468597
2/27/2019,0.8461583844605531
2/28/2019,0.8371708783794244
3/1/2019,0.8501466020854329
3/4/2019,0.8996798278130868
3/5/2019,0.8761849597957253
3/6/2019,0.864005976147036
3/7/2019,0.8758790461285211
3/8/2019,0.8536146307083291
3/11/2019,0.9698207179351606
3/12/2019,0.9476793134649205
3/13/2019,0.9402013265936658
3/14/2019,0.920072678140861
3/15/2019,0.8958175630129719
3/18/2019,0.9083644643961238
3/19/2019,0.9032726752064479
3/20/2019,0.8808183294157349
3/21/2019,0.8799227582224525
3/22/2019,0.8570935081368264
3/25/2019,0.8676200374437312
3/26/2019,0.8480915760792008
3/27/2019,0.8262662661137101
3/28/2019,0.8051638110578275
3/29/2019,0.7851120596448867
4/1/2019,0.8015269309763464
4/2/2019,0.820904742113072
4/3/2019,0.8973496062025282
4/4/2019,0.9769457795031302
4/5/2019,0.9586542995521249
4/8/2019,0.9535506033174964
4/9/2019,0.9390986272341126
4/10/2019,0.956798439089124
4/11/2019,0.9322872797329226
4/12/2019,0.91143330193787
4/15/2019,0.8883122517052067
4/16/2019,0.9214225650634883
4/17/2019,0.900040527012894
4/18/2019,0.876906955246442
4/22/2019,0.9353051455125722
4/23/2019,0.9527948695168456
4/24/2019,0.9724004601217181
4/25/2019,1.0023005948188113
4/26/2019,0.9789460346809068
4/29/2019,0.952732582651751
4/30/2019,0.9300138469393182
5/1/2019,0.9548553516405216
5/2/2019,0.9505635441218999
5/3/2019,0.9872148466082883
5/6/2019,0.9655475624486733
5/7/2019,0.9398557076856257
5/8/2019,0.9485890524542537
5/9/2019,0.9449175146694294
5/10/2019,0.9202329155119675
5/13/2019,0.9037335114938405
5/14/2019,0.8822543690624989
5/15/2019,0.8639903355207417
5/16/2019,0.8420816485286349
5/17/2019,0.8254878755384668
5/20/2019,0.8628914437590374
5/21/2019,0.8405681760325135
5/22/2019,0.8362679680576633
5/23/2019,0.9214783894250905
5/24/2019,0.9306820942632512
5/28/2019,0.9115995062339011
5/29/2019,0.9009205506440449
5/30/2019,0.8789811761819921
5/31/2019,0.8880473816690855
6/3/2019,0.8880209369600192
6/4/2019,0.910255703531227
6/5/2019,0.8870239390830399
6/6/2019,0.9879530120812542
6/7/2019,0.9618608537130048
6/10/2019,1.066436158289004
6/11/2019,1.037538369903771
6/12/2019,1.010382349342189
6/13/2019,1.006143001467206
6/14/2019,0.9848576675322159
6/17/2019,1.0167529764196845
6/18/2019,1.000956579799153
6/19/2019,0.9880026225182342
6/20/2019,0.9769984249876142
6/21/2019,0.952274893818472
6/24/2019,0.9271258219890779
6/25/2019,1.0140396571244787
6/26/2019,0.9886188881272026
6/27/2019,1.0001088860054765
6/28/2019,1.0167115081363671
7/1/2019,1.025615260601621
7/2/2019,1.0025515248310313
7/3/2019,1.004867961501283
7/5/2019,1.0071110805023369
7/8/2019,0.9865080981178578
7/9/2019,0.9625377279811176
7/10/2019,0.9379498687040884
7/11/2019,0.9131148798671915
7/12/2019,0.8890726689728393
7/15/2019,0.8659040189472337
7/16/2019,0.8964205418898487
7/17/2019,0.8729786008271601
7/18/2019,0.8854803258360645
7/19/2019,0.8648054708264756
7/22/2019,0.8712017176365189
7/23/2019,0.8491202756672845
7/24/2019,0.8661365738721222
7/25/2019,0.858258436719651
7/26/2019,0.9447642547462376
7/29/2019,1.1023466159148658
7/30/2019,1.1633736971052993
7/31/2019,1.1661132001142192
8/1/2019,1.140240310257594
8/2/2019,1.1296603370578975
8/5/2019,1.1998645247429554
8/6/2019,1.173181281064266
8/7/2019,1.1463987524307226
8/8/2019,1.1217232340641192
8/9/2019,1.0924848095292314
8/12/2019,1.1996050692665674
8/13/2019,1.1777067574803357
8/14/2019,1.2457748946508456
8/15/2019,1.217865656875038
8/16/2019,1.1870585090311392
8/19/2019,1.1664301887887643
8/20/2019,1.143267979632204
8/21/2019,1.1117444782175117
8/22/2019,1.0850886497449956
8/23/2019,1.086012772227759
8/26/2019,1.1025936767648574
8/27/2019,1.0724850003980682
8/28/2019,1.0802297844042674
8/29/2019,1.0590468487719849
8/30/2019,1.034933026601369
9/3/2019,1.0076385937761256
9/4/2019,0.9882990456627577
9/5/2019,0.9757772461218147
9/6/2019,0.9548813032381402
9/9/2019,0.9320156549972347
9/10/2019,0.9868843176944927
9/11/2019,0.9803000809357378
9/12/2019,0.9626711111662584
9/13/2019,0.965018689215585
9/16/2019,0.9526830211573125
9/17/2019,0.9284119618765425
9/18/2019,0.9068568956874674
9/19/2019,0.8837026961768566
9/20/2019,0.8946183250485219
9/23/2019,0.8803488496578152
9/24/2019,0.8581231182399617
9/25/2019,0.844115700443941
9/26/2019,0.822442932420475
9/27/2019,0.8466194339921682
9/30/2019,0.842760677548065
10/1/2019,0.8218509612741665
10/2/2019,0.817889818328018
10/3/2019,0.8054776202859115
10/4/2019,0.7940716264173824
10/7/2019,0.8211734484592964
10/8/2019,0.8161014511372441
10/9/2019,0.8607122948949428
10/10/2019,0.8399482745078137
10/11/2019,0.8207872839721786
10/14/2019,0.8011322121721337
10/15/2019,0.7875595278766141
10/16/2019,0.7697248854854598
10/17/2019,0.8425096220302143
10/18/2019,0.8224836517710474
10/21/2019,0.8015131717952335
10/22/2019,0.7933224991765124
10/23/2019,0.7922952092706212
10/24/2019,0.7842444143830477
10/25/2019,0.7726995583512712
10/28/2019,0.7543004365480193
10/29/2019,0.7862518415100588
10/30/2019,0.8074442191311859
10/31/2019,0.9974115768192182
11/1/2019,0.9730293609164675
11/4/2019,0.9559193901211364
11/5/2019,0.9982924083838685
11/6/2019,0.9725429527398458
11/7/2019,1.1063971065445801
11/8/2019,1.0817405033212044
11/11/2019,1.052686822752423
11/12/2019,1.089538450781789
11/13/2019,1.070412712167353
11/14/2019,1.0826499213542269
11/15/2019,1.0530965676843715
11/18/2019,1.0245669874402326
11/19/2019,1.0935087839457975
11/20/2019,1.1343755101242863
11/21/2019,1.1034639103113861
11/22/2019,1.0838175164140573
11/25/2019,1.0545440765946799
11/26/2019,1.029526098527271
11/27/2019,1.169830630205853
11/29/2019,1.1384277144629242
12/2/2019,1.1092446664804776
12/3/2019,1.084391818053938
12/4/2019,1.0859576617284528
12/5/2019,1.06279296162582
12/6/2019,1.071173648926632
12/9/2019,1.050653022570388
12/10/2019,1.0293092126332555
12/11/2019,1.009538310416254
12/12/2019,0.9915453736219175
12/13/2019,0.9804173204912214
12/16/2019,1.0132774307563936
12/17/2019,1.006011104116379
12/18/2019,0.9819115578288009
12/19/2019,0.9634904263906994
12/20/2019,0.9391972920570152
12/23/2019,0.922661473731265
12/24/2019,0.9459274345727718
12/26/2019,0.9256310433886211
12/27/2019,0.9088574464318366
12/30/2019,0.930351878651616
12/31/2019,0.9092976873789859
1/2/2020,0.9057572697392265
1/3/2020,0.8934509102175524
1/6/2020,0.8726974478858938
1/7/2020,0.8565022993387095
1/8/2020,0.8686540777380255
1/9/2020,0.9974852507522081
1/10/2020,0.9713991024868155
1/13/2020,0.9455850658770213
1/14/2020,0.9254733662282788
1/15/2020,0.9056027544829897
1/16/2020,0.89683308572243
1/17/2020,0.9267028786789661
1/21/2020,1.0081067744162635
1/22/2020,1.2022949838611408
1/23/2020,1.1944283264546598
1/24/2020,1.1624535163172158
1/27/2020,1.1353748000008328
1/28/2020,1.1495555404878441
1/29/2020,1.1180889976032342
1/30/2020,1.1211242989227566
1/31/2020,1.1012307031983375
2/3/2020,1.0817813034995951
2/4/2020,1.0771145913858955
2/5/2020,1.0492842722128617
2/6/2020,1.057535108094228
2/7/2020,1.1610015126241775
2/10/2020,1.130475500221185
2/11/2020,1.1919561823198142
2/12/2020,1.161696307259158
2/13/2020,1.1301781664506747
2/14/2020,1.1044304962650469
2/18/2020,1.131679462634074
2/19/2020,1.1008169599700182
2/20/2020,1.0730708737519292
2/21/2020,1.0473320639352603
2/24/2020,1.0343924781944303
2/25/2020,1.0222060969696094
2/26/2020,1.0520326440207106
2/27/2020,1.21996704800301
2/28/2020,1.1880386531463376
3/2/2020,1.4469393241904807
3/3/2020,1.5588167360146536
3/4/2020,1.5164389008343058
3/5/2020,1.6149317558871314
3/6/2020,1.574463417638211
3/9/2020,1.6405221134179462
3/10/2020,3.8358710872073174
3/11/2020,3.721785421493677
3/12/2020,3.614875724202595
3/13/2020,3.5807311825802532
3/16/2020,3.5175272701964473
3/17/2020,3.413309751107747
3/18/2020,3.9834255027178016
3/19/2020,3.912429258331903
3/20/2020,3.867825956045303
3/23/2020,4.061333303711916
3/24/2020,4.483356633744207
3/25/2020,4.4289699355169825
3/26/2020,4.333680637064736
3/27/2020,4.205643308709236
3/30/2020,4.142812710859159
3/31/2020,4.095857630250102
4/1/2020,4.046009081181462
4/2/2020,3.9326866384679775
4/3/2020,3.8169969569059057
4/6/2020,3.710071446464621
4/7/2020,3.6167938178970958
4/8/2020,3.6386925352868604
4/9/2020,3.5405964480783947
4/13/2020,3.4870156835998793
4/14/2020,3.4061890993422193
4/15/2020,3.306245460201153
4/16/2020,3.2998344632221186
4/17/2020,3.560596161505722
4/20/2020,3.891489874177892
4/21/2020,3.775698358564012
4/22/2020,7.488161209644575
4/23/2020,7.8461886132067695
4/24/2020,7.632327956885308
4/27/2020,7.412982251646406
4/28/2020,7.315753169809699
4/29/2020,7.125622559770767
4/30/2020,6.913031360909812
5/1/2020,6.981069726805341
5/4/2020,7.017969496246352
5/5/2020,6.818523950008916
5/6/2020,6.997632877854815
5/7/2020,6.821882277792284
5/8/2020,6.6295448276912765
5/11/2020,6.436885741881491
5/12/2020,6.246636439234234
5/13/2020,6.064933206385544
5/14/2020,5.92026623155851
5/15/2020,5.8295546446392486
5/18/2020,5.667302338575176
5/19/2020,5.5225158598037964
5/20/2020,5.404015517910727
5/21/2020,5.249373063306242
5/22/2020,5.100597936931315
5/26/2020,4.950321126664477
5/27/2020,4.804111304957073
5/28/2020,4.66170499549084
5/29/2020,4.6688073725281285
6/1/2020,4.642489934206545
6/2/2020,4.517354497261064
6/3/2020,4.387945328632195
6/4/2020,4.260174492547399
6/5/2020,4.136785777566169
6/8/2020,4.083027575511939
6/9/2020,4.142239153953272
6/10/2020,4.259387122037445
6/11/2020,4.399968341913825
6/12/2020,4.3157114283454066
6/15/2020,4.193659646524653
6/16/2020,4.07130412138905
6/17/2020,3.9511126801804783
6/18/2020,3.950863320465584
6/19/2020,3.8339778825785222
6/22/2020,3.774955559441713
6/23/2020,3.6872149927059357
6/24/2020,3.592618232362891
6/25/2020,3.5319343424411462
6/26/2020,3.4292364111942035
6/29/2020,3.3973380235663178
6/30/2020,3.29961751395663
7/1/2020,3.2184190458122717
7/2/2020,3.246498339019429
7/6/2020,3.1510688877349464
7/7/2020,3.1052703087855784
7/8/2020,3.0583973383405105
7/9/2020,2.989512472244402
7/10/2020,3.0291206572888583
7/13/2020,2.946718435633871
7/14/2020,2.8622690216311444
7/15/2020,2.785938137845579
7/16/2020,2.720534627987756
7/17/2020,2.641468478730315
7/20/2020,2.6134866701508277
7/21/2020,2.6341280062944343
7/22/2020,2.704953678793679
7/23/2020,2.6993684787772327
7/24/2020,2.6326431728566138
7/27/2020,2.5550357944047035
7/28/2020,2.5733714374146737
7/29/2020,2.4986173959878424
7/30/2020,2.447390620408349
7/31/2020,2.397081428004305
8/3/2020,2.3480300291810434
8/4/2020,2.280598245581513
8/5/2020,2.227778981013517
8/6/2020,2.163749348717646
8/7/2020,2.129932610067448
8/10/2020,2.0775866238902783
8/11/2020,2.0449953324051116
8/12/2020,2.0081051358743753
8/13/2020,1.9737653194358258
8/14/2020,1.972834776386361
8/17/2020,1.9411645960559378
8/18/2020,1.9338830942108882
8/19/2020,1.9755634994627083
8/20/2020,1.9223731878489798
8/21/2020,1.9624241907280477
8/24/2020,1.938796217084257
8/25/2020,1.8908923816695133
8/26/2020,1.9029991269044817
8/27/2020,2.1268665034432583
8/28/2020,2.072980893717417
8/31/2020,2.024537822613163
9/1/2020,2.0741148857991227
9/2/2020,2.0473561964108438
9/3/2020,2.0274823836231484
9/4/2020,1.9939421615909148
9/8/2020,1.9489218647559423
9/9/2020,1.892173713673195
9/10/2020,1.9551782693184168
9/11/2020,2.0114596593695224
9/14/2020,1.9579514183377174
9/15/2020,1.904478181788352
9/16/2020,1.9380469615480598
9/17/2020,1.966880487090893
9/18/2020,1.909709993254454
9/21/2020,1.8545088253016846
9/22/2020,1.8026824016804572
9/23/2020,1.889052307320693
9/24/2020,2.091578418912812
9/25/2020,2.031419817735005
9/28/2020,2.0253498466155593
9/29/2020,1.9725155876173408
9/30/2020,1.927275219352474
10/1/2020,2.0237525564539105
10/2/2020,2.079039579663673
10/5/2020,2.1181933245901257
10/6/2020,2.058769378171216
10/7/2020,2.0942692508130714
10/8/2020,2.039910770307084
10/9/2020,2.079747817856288
10/12/2020,2.108667132808898
10/13/2020,2.050498476812094
10/14/2020,2.024249623459911
10/15/2020,1.9663392857519906
10/16/2020,1.9235308213303735
10/19/2020,2.0457758629183944
10/20/2020,1.9945021581322018
10/21/2020,1.9403792307435512
10/22/2020,1.9045414720484612
10/23/2020,1.9262063954793323
10/26/2020,1.870453619403458
10/27/2020,1.9141934763858433
10/28/2020,1.9452286771185017
10/29/2020,1.8885589601606825
10/30/2020,1.8899340350230514
11/2/2020,1.8532684400916217
11/3/2020,1.800963414372852
11/4/2020,1.8959287993982084
11/5/2020,2.115821405153604
11/6/2020,2.0543490184596247
11/9/2020,2.065142886231673
11/10/2020,2.6224114769430518
11/11/2020,2.5674726629230475
11/12/2020,2.516524901462207
11/13/2020,2.5392546684827084
11/16/2020,2.5629560651055567
11/17/2020,2.545845273750921
11/18/2020,2.4938518325601495
11/19/2020,2.470563451491612
11/20/2020,2.4221124303876524
11/23/2020,2.3565754978763045
11/24/2020,2.478741104411523
11/25/2020,2.423285681924884
11/27/2020,2.4059117658627156
11/30/2020,2.3744900619932445
12/1/2020,2.6917608566200792
12/2/2020,2.615918653355481
12/3/2020,2.581048279796931
12/4/2020,2.5105501854747074
12/7/2020,2.5926771538429216
12/8/2020,2.586659142694536
12/9/2020,2.514836452409472
12/10/2020,2.444849362365172
12/11/2020,2.4246977875048787
12/14/2020,2.3801038380296142
12/15/2020,2.5419380117301213
12/16/2020,2.4705313728345146
12/17/2020,2.4309824273982743
12/18/2020,2.383355259311347
12/21/2020,2.382360613690996
12/22/2020,2.320300721252209
12/23/2020,2.2771689445955317
12/24/2020,2.243623775449934
12/28/2020,2.2232208786347916
12/29/2020,2.248470679178501
12/30/2020,2.187571092529563
12/31/2020,2.1366783752409457
1/4/2021,2.124152083037579
1/5/2021,2.092469565531415
1/6/2021,2.0992685884539997
1/7/2021,2.0649983338396636
1/8/2021,2.0097360579696715
1/11/2021,2.1149983699261505
1/12/2021,2.084441498661211
1/13/2021,2.1377905972626587
1/14/2021,2.1025690895803035
1/15/2021,2.0919024245894047
1/19/2021,2.0759789898225613
1/20/2021,2.015261282234612
1/21/2021,2.0187981432365696
1/22/2021,2.2453563873176514
1/25/2021,2.1796248256355613
1/26/2021,2.139184205587885
1/27/2021,2.161715972977156
1/28/2021,2.1093379486492547
1/29/2021,2.0495265144351933
2/1/2021,2.015592584821875
2/2/2021,1.9707720691083757
2/3/2021,1.9142600076531497
2/4/2021,1.9304184442195236
2/5/2021,1.9016488745239408
2/8/2021,1.8467321973955457
2/9/2021,1.8686208167397695
2/10/2021,1.8544726513428755
2/11/2021,1.818440257478922
2/12/2021,1.8067338295812827
2/16/2021,1.759065922635769
2/17/2021,1.7525686554501418
2/18/2021,1.703973650378924
2/19/2021,1.8398432445398225
2/22/2021,1.8569338898828152
2/23/2021,1.8440186677491286
2/24/2021,1.7989052394747787
2/25/2021,1.7821069396928935
2/26/2021,1.7357106556127637
3/1/2021,1.7017977159540072
3/2/2021,1.6642616672458619
3/3/2021,1.6206374936631003
3/4/2021,1.6035870753603056
3/5/2021,1.60501896880622
3/8/2021,1.5607082634364493
3/9/2021,1.5159559488075207
3/10/2021,1.8034944315444728
3/11/2021,1.798910797171575
3/12/2021,1.7726336419667357
3/15/2021,1.7241371131198797
3/16/2021,1.7157312819292183
3/17/2021,1.805902453258785
3/18/2021,1.7546618358292796
3/19/2021,1.7946257346407757
3/22/2021,1.7488215669568372
3/23/2021,1.7590729038508939
3/24/2021,1.7082173141584494
3/25/2021,1.6618596494263966
3/26/2021,1.6426243428193104
3/29/2021,1.595300438806507
3/30/2021,1.724058191598751
3/31/2021,1.6745199529767987
4/1/2021,1.626507544587708
4/5/2021,1.586820728340054
4/6/2021,1.7292332571638283
4/7/2021,1.6803540449621328
4/8/2021,1.6327295797838288
4/9/2021,1.6503323120616848
4/12/2021,1.6765824381320609
4/13/2021,1.6723051939534388
4/14/2021,1.626340602547497
4/15/2021,1.6007387105084654
4/16/2021,1.602485034328661
4/19/2021,1.606675080631093
4/20/2021,1.5615076655885078
4/21/2021,1.623531474260443
4/22/2021,1.5912346831380055
4/23/2021,1.5473521909652959
4/26/2021,1.5035307971732776
4/27/2021,1.4689721429260305
4/28/2021,1.4336979445818232
4/29/2021,1.4873841530412741
4/30/2021,1.4455924422761253
5/3/2021,1.422993368898098
5/4/2021,1.4125318525039074
5/5/2021,1.3729459928541292
5/6/2021,1.3974875937970743
5/7/2021,1.3614133299153075
5/10/2021,1.3562285469100221
5/11/2021,1.3284428166178626
5/12/2021,1.3348159175833374
5/13/2021,1.324708215684397
5/14/2021,1.3243675981222727
5/17/2021,1.3103514300601966
5/18/2021,1.334453372564687
5/19/2021,1.3081562271173885
5/20/2021,1.284563888313219
5/21/2021,1.250419771047864
5/24/2021,1.2260810508068705
5/25/2021,1.2504289672518563
5/26/2021,1.3776117288700103
5/27/2021,1.3555178759901871
5/28/2021,1.3173165508999054
6/1/2021,1.2802723557393765
6/2/2021,1.373019857937901
6/3/2021,1.3461559717423959
6/4/2021,1.3088386860149979
6/7/2021,1.2727871733259355
6/8/2021,1.2459734589594977
6/9/2021,1.212196213284272
6/10/2021,1.2100426630569219
6/11/2021,1.1819994886898861
6/14/2021,1.1492194060920877
6/15/2021,1.1542585022480552
6/16/2021,1.1313141628204415
6/17/2021,1.1018634441504396
6/18/2021,1.551001338345119
6/21/2021,1.6074945065429447
6/22/2021,1.6037294794760621
6/23/2021,1.5580906537282444
6/24/2021,1.514405031145269
6/25/2021,1.4726636734450762
6/28/2021,1.4308909895772979
6/29/2021,1.699771180027088
6/30/2021,1.6533373882974272
7/1/2021,1.6295389395661324
7/2/2021,1.5860760059152141
7/6/2021,1.5727977498857963
7/7/2021,1.6768245004643476
7/8/2021,1.6852762588498964
7/9/2021,1.6374427630750794
7/12/2021,1.5931173629852824
7/13/2021,1.5613459660736262
7/14/2021,1.561076467052734
7/15/2021,1.7260690057026298
7/16/2021,1.693414118454766
7/19/2021,1.768509001252257
7/20/2021,1.7172747960118047
7/21/2021,1.6690029987635229
7/22/2021,1.637290160340672
7/23/2021,1.6822991364252555
7/26/2021,1.69763224909919
7/27/2021,1.6986992351128758
7/28/2021,1.6935266233915016
7/29/2021,1.6488847040260712
7/30/2021,1.6168912618836564
8/2/2021,1.6016335247929805
8/3/2021,1.555782611343292
8/4/2021,1.5264898640766256
8/5/2021,1.5362340754940993
8/6/2021,1.497344445457297
8/9/2021,1.4661439447096554
8/10/2021,1.4310607265318993
8/11/2021,1.4135694010494309
8/12/2021,1.3740474365005744
8/13/2021,1.335395015793113
8/16/2021,1.403721972245334
8/17/2021,1.4869640019991988
8/18/2021,1.4453261226840592
8/19/2021,1.4281612906144063
8/20/2021,1.510422132760859
8/23/2021,1.471936473068812
8/24/2021,1.4536567693489826
8/25/2021,1.420089281388457
8/26/2021,1.3846980776014814
8/27/2021,1.370031899761646
8/30/2021,1.393267423575688
8/31/2021,1.4885221328400913
9/1/2021,1.4515841567194594
9/2/2021,1.430110232150275
9/3/2021,1.4279547211853947
9/7/2021,1.3879647909844925
9/8/2021,1.3490044569506523
9/9/2021,1.3414942844999993
9/10/2021,1.305715767883174
9/13/2021,1.271534450773163
9/14/2021,1.3017573601160886
9/15/2021,1.3079631489590187
9/16/2021,1.3225067349619124
9/17/2021,1.3346215520918896
9/20/2021,1.2993260162512181
9/21/2021,1.2732086828219369
9/22/2021,1.2404440995787773
9/23/2021,1.2492143398442948
9/24/2021,1.2486990230421529
9/27/2021,1.2140178821345586
9/28/2021,1.3441274561046563
9/29/2021,1.3194663694317084
9/30/2021,1.283121962442665
10/1/2021,1.2472325657610615
10/4/2021,1.2283320167645326
10/5/2021,1.2905341102575707
10/6/2021,1.298564788065935
10/7/2021,1.3151326310322278
10/8/2021,1.2812984601183717
10/11/2021,1.3021995283426888
10/12/2021,1.268986948714388
10/13/2021,1.2385851242281765
10/14/2021,1.2054556407420245
10/15/2021,1.1755366856250347
10/18/2021,1.165435604158007
10/19/2021,1.1332093351431227
10/20/2021,1.106992069208132
10/21/2021,1.0799365184330025
10/22/2021,1.1648226135445103
10/25/2021,1.1383584850355408
10/26/2021,1.1278375356204988
10/27/2021,1.1239819020312827
10/28/2021,1.2247363303471592
10/29/2021,1.2211630266177302
11/1/2021,1.2906056583743681
11/2/2021,1.2896294889913638
11/3/2021,1.2964412169149453
11/4/2021,1.2599577402456357
11/5/2021,1.2254033331049903
11/8/2021,1.1993779748004283
11/9/2021,1.1672537287647358
11/10/2021,1.160664275256059
11/11/2021,1.1756912481180901
11/12/2021,1.1570717572086855
11/15/2021,1.131691440783333
11/16/2021,1.1034016041450907
11/17/2021,1.0838329256726371
11/18/2021,1.1449086997894315
11/19/2021,1.1368026651027936
11/22/2021,1.3032175112113666
11/23/2021,1.2814162885506635
11/24/2021,1.2976354626141873
11/26/2021,1.2760337980365277
11/29/2021,1.2629431168278134
11/30/2021,1.314678877707491
12/1/2021,1.2807210788307732
12/2/2021,1.2736300151906073
12/3/2021,1.252309779033959
12/6/2021,1.2209589289782545
12/7/2021,1.218165686467143
12/8/2021,1.1884275638432389
12/9/2021,1.1642269444650803
12/10/2021,1.1332688056120668
12/13/2021,1.108112969574584
12/14/2021,1.282686045279438
12/15/2021,1.2483245692724498
12/16/2021,1.2722872708821868
12/17/2021,1.2365544384040554
12/20/2021,1.2037771919228886
12/21/2021,1.172312612530497
12/22/2021,1.1411977254829264
12/23/2021,1.1447495578518134
12/27/2021,1.1560500415167878
12/28/2021,1.1319207194144933
12/29/2021,1.1013381796152035
12/30/2021,1.0975935543757518
12/31/2021,1.10205725331548
1/3/2022,1.0904255110546306
1/4/2022,1.1305261577648094
1/5/2022,1.1976035746105858
1/6/2022,1.1642541583881016
1/7/2022,1.1806353162463719
1/10/2022,1.1823201818336118
1/11/2022,1.1494566911315174
1/12/2022,1.135823900658812
1/13/2022,1.1049800003187682
1/14/2022,1.0767400562121365
1/18/2022,1.087429422386661
1/19/2022,1.0606210834584426
1/20/2022,1.0961430335426288
1/21/2022,1.1101109098305166
1/24/2022,1.0838944235560861
1/25/2022,1.0682475910680806
1/26/2022,1.18598098170189
1/27/2022,1.1590539003462415
1/28/2022,1.1484660035943772
1/31/2022,1.224051953865085
2/1/2022,1.2551694749902382
2/2/2022,1.285722510886177
2/3/2022,1.2498468368154565
2/4/2022,1.2178790982000547
2/7/2022,1.183991540330725
2/8/2022,1.1611591389171738
2/9/2022,1.3109945526002895
2/10/2022,1.2750595588342797
2/11/2022,1.25080900782994
2/14/2022,1.3567875264786151
2/15/2022,1.573126824062879
2/16/2022,1.5888985116936112
2/17/2022,1.549483909137194
2/18/2022,1.5431288442061188
2/22/2022,1.4997055924284233
2/23/2022,1.5213046644182366
2/24/2022,1.5170324789031386
2/25/2022,1.5408671233467572
2/28/2022,1.4991622488574927
3/1/2022,1.5118046603042423
3/2/2022,1.468538467324914
3/3/2022,1.484731110189355
3/4/2022,1.447758924416674
3/7/2022,1.426236970879218
3/8/2022,1.3939228386689477
3/9/2022,1.3547247955355528
3/10/2022,1.3163720462330102
3/11/2022,1.3985472019695282
3/14/2022,1.414503709165327
3/15/2022,1.397021750889491
3/16/2022,1.4139419922015057
3/17/2022,1.4290472415654565
3/18/2022,1.3883633942497273
3/21/2022,1.391168502630293
3/22/2022,1.3590406761308207
3/23/2022,1.4126101775416917
3/24/2022,1.4011131444036549
3/25/2022,1.3637176874702337
3/28/2022,1.3897445580157282
3/29/2022,1.3628786313978818
3/30/2022,1.3372449560002353
3/31/2022,1.3078483591181052
4/1/2022,1.3209898718725706
4/4/2022,1.296380125896931
4/5/2022,1.4087063599338225
4/6/2022,1.3822165642791289
4/7/2022,1.4040592704318442
4/8/2022,1.365628758208229
4/11/2022,1.3525941330886455
4/12/2022,1.3143183981674507
4/13/2022,1.29948641216842
4/14/2022,1.2762249062402915
4/18/2022,1.2405699130670076
4/19/2022,1.2246463339951723
4/20/2022,1.2053265684524817
4/21/2022,1.1829912415247148
4/22/2022,1.3415310577234503
4/25/2022,1.3148322283227223
4/26/2022,1.475472618440181
4/27/2022,1.4516516045757795
4/28/2022,1.4166635510206789
4/29/2022,1.3830872563274805
5/2/2022,1.3472201684756215
5/3/2022,1.309498621927988
5/4/2022,1.4628972884851879
5/5/2022,1.42122448841348
5/6/2022,1.3855339331523633
5/9/2022,1.3966785337602305
5/10/2022,1.7295091476854239
5/11/2022,1.690137412677797
5/12/2022,1.6430445550593789
5/13/2022,1.596596652920787
5/16/2022,1.551777952397429
5/17/2022,1.5258574008590684
5/18/2022,1.484899606541613
5/19/2022,1.4567336718056014
5/20/2022,1.4322219248724273
5/23/2022,1.3931534100564789
5/24/2022,1.3883916112071168
5/25/2022,1.3573378205425306
5/26/2022,1.3468801170253022
5/27/2022,1.376465601869326
5/31/2022,1.33744617192621
6/1/2022,1.314281468645121
6/2/2022,1.3550762747867062
6/3/2022,1.438968084610452
6/6/2022,1.4220095418431151
6/7/2022,1.3841058693590922
6/8/2022,1.3853385691240978
6/9/2022,1.3559426074144267
6/10/2022,1.3180453484068932
6/13/2022,1.2903681168719303
6/14/2022,1.421454200670211
6/15/2022,1.3812175227941386
6/16/2022,1.4624597924055776
6/17/2022,1.82528477992073
6/21/2022,2.045462317739238
6/22/2022,2.0312022623386286
6/23/2022,2.2042806362449885
6/24/2022,2.4382798877798173
6/27/2022,2.4307713182745783
6/28/2022,2.4157373346478157
6/29/2022,2.4219023998018243
6/30/2022,2.527758008819944
7/1/2022,2.457395644886906
7/5/2022,2.3877048058884953
7/6/2022,2.382827804429458
7/7/2022,2.3839546854957434
7/8/2022,2.34628172539842
7/11/2022,2.2810939235528185
7/12/2022,2.2141964874929316
7/13/2022,2.159374123922912
7/14/2022,2.0987736300387603
7/15/2022,2.0701751723885375
7/18/2022,2.0096224771878295
7/19/2022,1.9680543702039275
7/20/2022,1.9126142579060703
7/21/2022,1.8768662748213851
7/22/2022,1.834199725506246
7/25/2022,1.780914963001019
7/26/2022,1.8178674447678276
7/27/2022,1.7748832524835716
7/28/2022,1.7284214658467743
7/29/2022,1.689748620078448
8/1/2022,1.6461839232500832
8/2/2022,1.598761526589979
8/3/2022,1.5534161937770217
8/4/2022,1.6630644242467323
8/5/2022,1.7813106115815351
8/8/2022,1.7620277754437177
8/9/2022,1.711256160217492
8/10/2022,1.708443329469562
8/11/2022,1.696776634994788
8/12/2022,1.7116762842490862
8/15/2022,1.6621784453622752
8/16/2022,1.6616155750226291
8/17/2022,1.6280981176010243
8/18/2022,1.584945039792209
8/19/2022,1.5791530381596641
8/22/2022,1.5368686689910458
8/23/2022,1.5242573566292301
8/24/2022,1.5079816713092447
8/25/2022,1.4718570174964507
8/26/2022,1.429864543109923
8/29/2022,1.4093404985099476
8/30/2022,1.37317866260758
8/31/2022,1.3747838042165132
9/1/2022,1.3477405201402592
9/2/2022,1.4068887193207127
9/6/2022,1.4455653366667232
9/7/2022,1.4675344758147015
9/8/2022,1.448376050824507
9/9/2022,1.4133117018446433
9/12/2022,1.3731155632397074
9/13/2022,1.3383029550592378
9/14/2022,1.3164699146155392
9/15/2022,1.3487532324152383
9/16/2022,1.312998299305444
9/19/2022,1.4228199250284068
9/20/2022,1.3838563138532312
9/21/2022,1.3557645945110512
9/22/2022,1.3182450533433152
9/23/2022,1.293170679992878
9/26/2022,1.722352756582218
9/27/2022,1.7348212715621147
9/28/2022,1.6998995178021268
9/29/2022,1.7001951405308307
9/30/2022,1.6685932498133411
10/3/2022,1.6426050287243916
10/4/2022,1.606700713799107
10/5/2022,1.5640067187315156
10/6/2022,1.5222832640547441
10/7/2022,1.487464024119861
10/10/2022,1.445405486975037
10/11/2022,1.4384435420654647
10/12/2022,1.4000347032373155
10/13/2022,1.3895161123105817
10/14/2022,1.355268587826068
10/17/2022,1.3477735621908928
10/18/2022,1.3434344776842586
10/19/2022,1.3127847197545608
10/20/2022,1.2983720576884459
10/21/2022,1.2689031532123967
10/24/2022,1.234708191492356
10/25/2022,1.260676975311224
10/26/2022,1.2921446346817156
10/27/2022,1.2625824669908314
10/28/2022,1.2277113403943618
10/31/2022,1.316107244250809
11/1/2022,1.3232478997548298
11/2/2022,1.288282455450525
11/3/2022,1.2992662264246997
11/4/2022,1.3633873201086673
11/7/2022,1.4501565626905077
11/8/2022,1.4193039011916162
11/9/2022,1.3816051194108327
11/10/2022,1.4885457991056399
11/11/2022,1.5233384999256456
11/14/2022,1.4821132373038943
11/15/2022,1.4525668700249894
11/16/2022,1.4130091739419817
11/17/2022,1.4002944538843092
11/18/2022,1.3792430426383424
11/21/2022,1.3402042852388436
11/22/2022,1.327274979181671
11/23/2022,1.3292038556177246
11/25/2022,1.2958874940272755
11/28/2022,1.262223000387118
11/29/2022,1.3090476745383175
11/30/2022,1.294248672177601
12/1/2022,1.530668308068215
12/2/2022,1.5209020414951264
12/5/2022,1.4779942965739676
12/6/2022,1.4555856455203873
12/7/2022,1.4170497771291448
12/8/2022,1.3845074472584662
12/9/2022,1.4664860730080604
12/12/2022,1.450807197561672
12/13/2022,1.4149934564835276
12/14/2022,1.3747919866052702
12/15/2022,1.3595965736755709
12/16/2022,1.3758409285827349
12/19/2022,1.3371507584691713
12/20/2022,1.310459649905177
12/21/2022,1.275257142151548
12/22/2022,1.2395930169782685
12/23/2022,1.238896897177467
12/27/2022,1.246134744008588
12/28/2022,1.2250970443064049
12/29/2022,1.330381697041646
12/30/2022,1.2931343808749354
1/3/2023,1.2569423356734404
1/4/2023,1.4134755009425677
1/5/2023,1.3937044271890342
1/6/2023,1.379465008432397
1/9/2023,1.3406359423409024
1/10/2023,1.3050293168949574
1/11/2023,1.2734921015561895
1/12/2023,1.3486526421677192
1/13/2023,1.326986191865743
1/17/2023,1.3077020574865679
1/18/2023,1.2716502207703917
1/19/2023,1.2361165586632379
1/20/2023,1.245656759637966
1/23/2023,1.2352380846766564
1/24/2023,1.2038290198149193
1/25/2023,1.1704721215599823
1/26/2023,1.1394286120439259
1/27/2023,1.1240199174971743
1/30/2023,1.102956739719405
1/31/2023,1.0956934210335814
2/1/2023,1.0859909709179751
2/2/2023,1.1774165775123278
2/3/2023,1.2999216714024657
2/6/2023,1.28173887594773
2/7/2023,1.2702099192192393
2/8/2023,1.2377085003162762
2/9/2023,1.2086913297398874
2/10/2023,1.1758009999526466
2/13/2023,1.2499045179080799
2/14/2023,1.3073556102752855
2/15/2023,1.2818248075498293
2/16/2023,1.3390230062770503
2/17/2023,1.3016987972123668
2/21/2023,1.4232434826039897
2/22/2023,1.3948926868059917
2/23/2023,1.3732145311173194
2/24/2023,1.3544513596821302
2/27/2023,1.3177572202254495
2/28/2023,1.2806269194831903
3/1/2023,1.3864876898972172
3/2/2023,1.4022276577405728
3/3/2023,1.363402030700352
3/6/2023,1.3351381612869881
3/7/2023,1.3526376611450739
3/8/2023,1.3232146471200394
3/9/2023,1.3073419934597743
3/10/2023,1.2725693870168528
3/13/2023,1.2532601961800123
3/14/2023,1.2895203618153646
3/15/2023,1.2624015490840244
3/16/2023,1.5274139398633508
3/17/2023,1.4843366840418288
3/20/2023,1.4420968807886698
3/21/2023,1.4026952040603038
3/22/2023,1.3715274036977825
3/23/2023,1.3964999933389095
3/24/2023,1.3949397172872322
3/27/2023,1.3582178903680997
3/28/2023,1.320759319975517
3/29/2023,1.3016073700339035
3/30/2023,1.264985731963979
3/31/2023,1.255904355085663
4/3/2023,1.2410269541735113
4/4/2023,1.2323454188919376
4/5/2023,1.2977438859736308
4/6/2023,1.2975022684130424
4/10/2023,1.3280911200594
4/11/2023,1.3157577307204535
4/12/2023,1.2795050361400835
4/13/2023,1.2581810393475186
4/14/2023,1.2229591981532741
4/17/2023,1.1908504860717624
4/18/2023,1.1878882374940105
4/19/2023,1.1548866583934907
4/20/2023,1.1229732999622866
4/21/2023,1.0942619675266076
4/24/2023,1.0870754367937476
4/25/2023,1.069936881185811
4/26/2023,1.0415801612322713
4/27/2023,1.0146250181961416
4/28/2023,1.0303053619227063
5/1/2023,1.0033317395563197
5/2/2023,0.9768062290968208
5/3/2023,1.0094572459972604
5/4/2023,0.9834445050301909
5/5/2023,0.9786906349963572
5/8/2023,0.9526302297882956
5/9/2023,0.9697911754070914
5/10/2023,0.9440019644178508
5/11/2023,0.9281286697281899
5/12/2023,0.9038951656492757
5/15/2023,0.8938187832254618
5/16/2023,0.8706212261407695
5/17/2023,1.0263074778790386
5/18/2023,0.9985630354852463
5/19/2023,0.9820458244049778
5/22/2023,0.9627990992018428
5/23/2023,0.9388889832267574
5/24/2023,0.9297125909376079
5/25/2023,0.9066640817818816
5/26/2023,1.0019465707448065
5/30/2023,1.1087089795108858
5/31/2023,1.0782491015332307
6/1/2023,1.0516025502108886
6/2/2023,1.0518290016983332
6/5/2023,1.0514975044223729
6/6/2023,1.0404769682761594
6/7/2023,1.0224193692727572
6/8/2023,1.0942222487668727
6/9/2023,1.068986307012878
6/12/2023,1.0484792218563095
6/13/2023,1.023000344582051
6/14/2023,1.0446311006713804
6/15/2023,1.022249334354283
6/16/2023,1.0149724016555277
6/20/2023,0.98754856742647
6/21/2023,1.0249395440515343
6/22/2023,0.9984173437693417
6/23/2023,0.990620457668999
6/26/2023,0.9640731370575385
6/27/2023,0.9804175868951938
6/28/2023,0.9568199595398584
6/29/2023,0.9317815309166747
6/30/2023,0.9215486931848991
7/3/2023,0.9338562423627749
7/5/2023,0.9136511386259598
7/6/2023,0.939545543935343
7/7/2023,0.9787659598603968
7/10/2023,0.9767216479575758
7/11/2023,0.9563890638480739
7/12/2023,0.9426522254398022
7/13/2023,0.9319305069098112
7/14/2023,0.9424358604996222
7/17/2023,1.0989052120556335
7/18/2023,1.0698876802354251
7/19/2023,1.049706531726967
7/20/2023,1.0249009211159725
7/21/2023,1.0239205682947077
7/24/2023,0.9962206562102468
7/25/2023,0.9708125693106626
7/26/2023,0.945521846849047
7/27/2023,0.9289011678208284
7/28/2023,0.924373880430581
7/31/2023,0.9007726759512856
8/1/2023,0.8815201901482939
8/2/2023,0.8589760378040702
8/3/2023,0.838249489021504
8/4/2023,0.8311040048264856
8/7/2023,0.8120261835986702
8/8/2023,0.7914784259563119
8/9/2023,0.7778733892727375
8/10/2023,0.7846753336998682
8/11/2023,0.7659714309369684
8/14/2023,0.7758856883463069
8/15/2023,0.8137841484188619
8/16/2023,0.7937713269675699
8/17/2023,0.7858567764251373
8/18/2023,0.7942950651493161
8/21/2023,0.7804227550107686
8/22/2023,0.777781482005626
8/23/2023,0.7665838020811166
8/24/2023,0.7991566610865839
8/25/2023,0.7826075889670042
8/28/2023,0.7637558585621883
8/29/2023,0.7493854571841716
8/30/2023,0.8253463291091632
8/31/2023,0.8061287595793095
9/1/2023,0.8142323225521196
9/5/2023,0.8120323265344812
9/6/2023,0.7915994207827944
9/7/2023,0.7938357224367062
9/8/2023,0.7799584808875953
9/11/2023,0.7743516077229112
9/12/2023,0.9449166886227625
9/13/2023,0.9792598620256692
9/14/2023,0.9732263117076442
9/15/2023,0.9558596985665653
9/18/2023,0.9413484686721152
9/19/2023,0.9169836141017593
9/20/2023,0.9122449902461971
9/21/2023,0.8887783284798361
9/22/2023,0.8670774511747784
9/25/2023,0.8448756503392929
9/26/2023,0.8449863000692626
9/27/2023,0.8233028690168638
9/28/2023,0.816011790599323
9/29/2023,0.8080926718338366
10/2/2023,0.8699184076678023
10/3/2023,0.9987395683339075
10/4/2023,0.9750826663125639
10/5/2023,1.1004432102521902
10/6/2023,1.0820862691613875
10/9/2023,1.0529303773126972
10/10/2023,1.0508773781912402
10/11/2023,1.0228286343035793
10/12/2023,0.996541496888668
10/13/2023,0.9773894090496577
10/16/2023,0.9538059846789045
10/17/2023,0.9304432949009822
10/18/2023,0.9106067781672044
10/19/2023,0.9103366548280135
10/20/2023,0.8865758562324115
10/23/2023,0.8650204251897976
10/24/2023,0.8427367189758307
10/25/2023,0.8496951323747746
10/26/2023,0.8305314781449534
10/27/2023,0.8350666451938396
10/30/2023,0.9791318235894503
10/31/2023,0.9528840640720521
11/1/2023,0.9371848450221384
11/2/2023,0.9308467249393084
11/3/2023,0.9109815752947901
11/6/2023,0.9111499012782736
11/7/2023,1.031442565923545
11/8/2023,1.0538336444752852
11/9/2023,1.0558758983343957
11/10/2023,1.0271098868881616
11/13/2023,1.018303281276872
11/14/2023,0.9909774574258134
11/15/2023,0.9760469946071427
11/16/2023,0.9561639626372072
11/17/2023,0.9508461319463751
11/20/2023,0.9300908058674998
11/21/2023,0.9549645613951583
11/22/2023,0.9295163317808135
11/24/2023,0.9052096140424488
11/27/2023,0.8959027175988898
11/28/2023,0.8732191438843132
11/29/2023,0.8893606042090952
11/30/2023,0.8823518212498235
12/1/2023,0.8884167778205341
12/4/2023,0.876608962838395
12/5/2023,0.8539568729575386
12/6/2023,0.9153649143812415
12/7/2023,0.8925808203256259
12/8/2023,0.9213561774434383
12/11/2023,0.897147690768796
12/12/2023,0.8920933841102094
12/13/2023,0.9113813683520869
12/14/2023,0.8879133727436227
12/15/2023,0.9023654299862289
12/18/2023,0.8991153458258194
12/19/2023,0.8758585269123942
12/20/2023,0.8530841005957827
12/21/2023,0.8310753717237456
12/22/2023,0.8107211912626506
12/26/2023,0.790584948609821
12/27/2023,0.7719713534844526
12/28/2023,0.7529485823000349
12/29/2023,0.737997400254869
1/2/2024,0.7199845866281291
1/3/2024,0.7615728885055452
1/4/2024,0.7590382258045084
1/5/2024,0.8711724188437554
1/8/2024,0.8832501559979301
1/9/2024,0.8715172315764518
1/10/2024,0.9484793436673625
1/11/2024,0.9663328407215755
1/12/2024,0.9438841414377631
1/16/2024,0.9271781822984076
1/17/2024,1.039690855977345
1/18/2024,1.0310262632141076
1/19/2024,1.089118098689381
1/22/2024,1.076992455876877
1/23/2024,1.0546223715287222
1/24/2024,1.026061027706397
1/25/2024,1.0032031361628508
1/26/2024,0.9782064369607509
1/29/2024,0.9568748288715431
1/30/2024,0.9360134726169889
1/31/2024,0.9252176028805839
2/1/2024,0.9010346492557808
2/2/2024,0.8844446568349874
2/5/2024,0.9048166124649731
2/6/2024,0.8871792897623684
2/7/2024,0.867032087079327
2/8/2024,0.8565214275015256
2/9/2024,0.8425984554171236
2/12/2024,0.9230523814680861
2/13/2024,0.9204486745382083
2/14/2024,0.9003987115332408
2/15/2024,0.8917280442915064
2/16/2024,0.9161073457755493
2/20/2024,0.8933733895391903
2/21/2024,0.870201633392642
2/22/2024,0.9306199624791498
2/23/2024,1.131591497327343
2/26/2024,1.102016432739576
2/27/2024,1.0721788994572912
2/28/2024,1.048801288074981
2/29/2024,1.0217848664796414
3/1/2024,0.999768252888462
3/4/2024,0.9735464140005
3/5/2024,0.9475472331145895
3/6/2024,0.9508298015917395
3/7/2024,0.9547238294526137
3/8/2024,0.9397001390416275
3/11/2024,0.9238893977450815
3/12/2024,0.90133611879127
3/13/2024,0.9183892411329072
3/14/2024,0.898917440391
3/15/2024,0.8922961980456612
3/18/2024,0.8821028379021618
3/19/2024,0.9016865608520277
3/20/2024,0.8780843794900921
3/21/2024,0.8559986412607902
3/22/2024,0.8340118826830352
3/25/2024,0.8225940789530439
3/26/2024,0.8020478383312591
3/27/2024,0.8172904213163497
3/28/2024,0.7966810648939432
4/1/2024,0.7772446590129892
4/2/2024,0.7591525489117826
4/3/2024,0.7521253152087166
4/4/2024,0.7412740594686903
4/5/2024,0.7231338297680664
4/8/2024,0.7071633031375789
4/9/2024,0.693428123726856
4/10/2024,0.6774973588536719
4/11/2024,0.6658696441818883
4/12/2024,0.6648940318334035
4/15/2024,0.6521199244806754
4/16/2024,0.6375220244665046
4/17/2024,0.64809187820937
4/18/2024,0.6611625192387353
4/19/2024,0.6459232679353933
4/22/2024,0.7017961195950498
4/23/2024,0.6850761332196963
4/24/2024,0.706196061980988
4/25/2024,0.6936710537442304
4/26/2024,0.6824435036206284
4/29/2024,0.7801271356298275
4/30/2024,0.7728532526529799
5/1/2024,0.9376549835856638
5/2/2024,0.9170018895370304
5/3/2024,0.8929202602327542
5/6/2024,0.8705080530172913
5/7/2024,0.8495510345855124
5/8/2024,0.8286781106631739
5/9/2024,0.8086847403704238
5/10/2024,0.7904230699116925
5/13/2024,0.7997141578495826
5/14/2024,0.8036262050325474
5/15/2024,0.7889910572050455
5/16/2024,0.8365160462582493
5/17/2024,0.8231582748131926
5/20/2024,0.8155847723254238
5/21/2024,0.7948499494662239
5/22/2024,0.7837534610932125
5/23/2024,0.7820231584454719
5/24/2024,0.7643451423510361
5/28/2024,0.7845341270049105
5/29/2024,0.7649606586980202
5/30/2024,0.800609754910663
5/31/2024,0.8179483937672174
6/3/2024,0.8521543566285329
6/4/2024,0.9098972732781679
6/5/2024,0.8889117577220511
6/6/2024,0.9298591649925725
6/7/2024,0.9058896435564717
6/10/2024,0.8878363758291481
6/11/2024,0.8646651799612317
6/12/2024,0.8453932748539964
6/13/2024,0.9794847130892369
6/14/2024,1.0051801222739538
6/17/2024,0.9996434858476595
6/18/2024,1.0082346884940527
6/20/2024,0.98166175417469
6/21/2024,0.9821453635408368
6/24/2024,0.9559439605686502
6/25/2024,1.0105552102709279
6/26/2024,0.9842999545457645
6/27/2024,0.9975984512529772
6/28/2024,0.9730702445022028
7/1/2024,0.96190520096975
